sequence_id,scene_id,scene_name,zone_id,window_id,window_seconds,start_frame,end_frame,observed_frames,expected_frames,zone_presence_ratio,unique_person_count,avg_person_count_per_frame,max_person_count_per_frame,avg_bbox_area_ratio,max_bbox_area_ratio,avg_detection_confidence,valid_motion_rows,avg_movement_distance_norm,avg_speed_px_s,avg_speed_norm_s,max_speed_norm_s,speed_std_norm_s,avg_acceleration_norm_s2,acceleration_std_norm_s2,avg_direction_change_deg,mean_direction_deg,direction_consistency,movement_activity_ratio,behavior_label,behavior_label_value,transition_onset_frame,label_source,training_split
SEQ_01,SCENE_01,Lawn,ZONE_A,0,2.0,1,60,60,60,1.0,2,1.2833333333333334,2,0.007568865324675323,0.00880177,0.33743919480519485,75,0.0006354437662337663,7.625327272727271,0.019063314935064933,0.05556052,0.012864509221257925,0.02753439662337662,0.3859844941469927,42.43885194805195,277.5026898347452,0.46148897338958267,0.974025974025974,NORMAL,0,526,LOCAL_VIDEO_EMBEDDED_RED_TEXT_ONSET,TRAIN
SEQ_01,SCENE_01,Lawn,ZONE_B,0,2.0,1,60,60,60,1.0,5,4.066666666666666,5,0.01136302536885246,0.01695243,0.4326362704918033,239,0.0013001709836065575,15.602046721311476,0.03900512278688524,0.16270029,0.03261715933484891,-0.0063987125819672174,1.013712383716486,40.82858237704918,227.8363151896966,0.15548889296430735,0.9795081967213115,NORMAL,0,526,LOCAL_VIDEO_EMBEDDED_RED_TEXT_ONSET,TRAIN
SEQ_01,SCENE_01,Lawn,ZONE_C,0,2.0,1,60,60,60,1.0,4,2.9833333333333334,4,0.011240633128491618,0.01409551,0.41279017877094976,175,0.0010411571508379888,12.493882681564244,0.031234704692737432,0.12475084,0.023752273725756577,0.008313704134078215,0.6157155498173787,40.02165810055866,146.063802128625,0.09193650091840895,0.9776536312849162,NORMAL,0,526,LOCAL_VIDEO_EMBEDDED_RED_TEXT_ONSET,TRAIN
SEQ_01,SCENE_01,Lawn,ZONE_A,1,2.0,61,120,60,60,1.0,3,1.4333333333333333,3,0.008296683604651165,0.01284659,0.3196747441860466,84,0.0013331606976744186,15.997931395348836,0.03999482755813954,0.13258082,0.03133174206259791,-0.007806007209302326,0.7591603691352203,45.145461627906975,208.89180851519095,0.266331702410205,0.9767441860465116,NORMAL,0,526,LOCAL_VIDEO_EMBEDDED_RED_TEXT_ONSET,TRAIN
SEQ_01,SCENE_01,Lawn,ZONE_B,1,2.0,61,120,60,60,1.0,9,5.066666666666666,7,0.010415750427631579,0.01629004,0.45391974013157893,300,0.0013460238815789474,16.15228717105263,0.04038071779605263,0.1890723,0.029374604512174905,0.009428014703947373,0.8216911560052799,39.48829671052631,211.68628701735918,0.2138029848529733,0.9868421052631579,NORMAL,0,526,LOCAL_VIDEO_EMBEDDED_RED_TEXT_ONSET,TRAIN
SEQ_01,SCENE_01,Lawn,ZONE_C,1,2.0,61,120,60,60,1.0,6,2.033333333333333,4,0.012480404016393444,0.01686587,0.45464186885245905,116,0.0013256705737704916,15.908046721311475,0.039770109262295086,0.12758964,0.02775448586751138,0.03542693909836068,0.7825238227579694,31.647707377049176,189.21067130453088,0.44545107342131324,0.9508196721311475,NORMAL,0,526,LOCAL_VIDEO_EMBEDDED_RED_TEXT_ONSET,TRAIN
SEQ_01,SCENE_01,Lawn,ZONE_A,2,2.0,121,180,60,60,1.0,4,3.183333333333333,4,0.008782760314136126,0.01314244,0.39476062827225133,190,0.00125388445026178,15.046612565445027,0.037616527486911,0.15437773,0.0260533417084905,-0.010380356649214662,0.6662775210597731,37.41598534031414,183.3925149402133,0.5846927827587798,0.9947643979057592,NORMAL,0,526,LOCAL_VIDEO_EMBEDDED_RED_TEXT_ONSET,TRAIN
SEQ_01,SCENE_01,Lawn,ZONE_B,2,2.0,121,180,60,60,1.0,7,3.7,5,0.009098310675675677,0.01339997,0.38656013513513515,222,0.00087527,10.503241441441443,0.026258102252252256,0.10649176,0.01888423588548065,-0.006037979774774776,0.4463185221620261,40.00448243243243,247.5335036584376,0.11105951652271957,1.0,NORMAL,0,526,LOCAL_VIDEO_EMBEDDED_RED_TEXT_ONSET,TRAIN
SEQ_01,SCENE_01,Lawn,ZONE_C,2,2.0,121,180,60,60,1.0,8,4.833333333333333,6,0.011181583310344826,0.02187593,0.4664949103448276,286,0.0016892951379310344,20.271540689655176,0.05067885062068965,0.40802615,0.04646917980842739,-0.0077861297931034685,1.3516710995412784,36.03803413793104,132.2027712350489,0.23705659235676815,0.9862068965517241,NORMAL,0,526,LOCAL_VIDEO_EMBEDDED_RED_TEXT_ONSET,TRAIN
SEQ_01,SCENE_01,Lawn,ZONE_A,3,2.0,181,240,60,60,1.0,5,3.783333333333333,5,0.009497834669603527,0.01675942,0.4404673039647577,226,0.000679793744493392,8.157518942731278,0.020393801541850224,0.06697398,0.012343087504746525,-0.005803797621145375,0.39915256660243875,41.99786784140969,131.56902357339126,0.37732165371027704,0.9955947136563876,NORMAL,0,526,LOCAL_VIDEO_EMBEDDED_RED_TEXT_ONSET,TRAIN
SEQ_01,SCENE_01,Lawn,ZONE_B,3,2.0,181,240,60,60,1.0,7,4.016666666666667,5,0.011249302033195019,0.03418826,0.4012858340248962,237,0.0015490264315352698,18.58831784232365,0.04647079340248963,0.57778034,0.06217233461182793,-0.00020732734439834284,2.0239511169894273,46.98906804979253,185.419212154253,0.28814669493463424,0.983402489626556,NORMAL,0,526,LOCAL_VIDEO_EMBEDDED_RED_TEXT_ONSET,TRAIN
SEQ_01,SCENE_01,Lawn,ZONE_C,3,2.0,181,240,60,60,1.0,4,3.45,4,0.010180374009661838,0.01534941,0.5070300869565217,206,0.0009096887439613526,10.916261835748793,0.027290652028985507,0.14543415,0.019918859838235766,0.0065685549275362335,0.4920973573306806,39.14329903381642,99.05551170371916,0.1894347677529182,0.9951690821256038,NORMAL,0,526,LOCAL_VIDEO_EMBEDDED_RED_TEXT_ONSET,TRAIN
SEQ_01,SCENE_01,Lawn,ZONE_A,4,2.0,241,300,60,60,1.0,4,3.716666666666667,4,0.010227595829596411,0.01637538,0.4473128565022423,223,0.0008889568161434977,10.66748206278027,0.026668708116591926,0.12094087,0.01994976228770884,-0.0037592511210762306,0.543995530815767,43.13176591928251,90.12783115096676,0.43037295593005054,1.0,NORMAL,0,526,LOCAL_VIDEO_EMBEDDED_RED_TEXT_ONSET,TRAIN
SEQ_01,SCENE_01,Lawn,ZONE_B,4,2.0,241,300,60,60,1.0,5,3.183333333333333,5,0.01029922816753927,0.01508759,0.40403569109947646,188,0.0012942668586387435,15.531204188481675,0.0388280145026178,0.19298352,0.027013802316128717,0.013335791570680633,0.8217195686305686,44.75426806282723,168.26045846804357,0.3433086476740842,0.9842931937172775,NORMAL,0,526,LOCAL_VIDEO_EMBEDDED_RED_TEXT_ONSET,TRAIN
SEQ_01,SCENE_01,Lawn,ZONE_C,4,2.0,241,300,60,60,1.0,3,2.933333333333333,3,0.009737530738636363,0.01424093,0.47433836363636367,176,0.0008847017613636363,10.616421022727273,0.02654105380681818,0.08054636,0.014950745973131802,-0.00029576187500000346,0.4929588145705189,40.93361931818182,116.39706916656252,0.15353891928756785,1.0,NORMAL,0,526,LOCAL_VIDEO_EMBEDDED_RED_TEXT_ONSET,TRAIN
SEQ_01,SCENE_01,Lawn,ZONE_A,5,2.0,301,360,60,60,1.0,5,3.5833333333333335,4,0.010347842046511626,0.02240039,0.4320244604651162,214,0.0012464301395348838,14.957164186046514,0.037392910790697675,0.28602358,0.039502860771738424,0.0063414383255813965,1.027701282855443,40.42724325581395,103.1757602319255,0.3638627202514694,0.9953488372093023,NORMAL,0,526,LOCAL_VIDEO_EMBEDDED_RED_TEXT_ONSET,TRAIN
SEQ_01,SCENE_01,Lawn,ZONE_B,5,2.0,301,360,60,60,1.0,5,2.2666666666666666,3,0.011827510367647058,0.0222283,0.4457533455882353,133,0.0011363777205882352,13.636533823529412,0.034091338308823535,0.29723858,0.031586406100648376,0.01570954705882352,0.9814883350726064,42.3812080882353,170.12716129880633,0.4773851303937003,0.9779411764705882,NORMAL,0,526,LOCAL_VIDEO_EMBEDDED_RED_TEXT_ONSET,TRAIN
SEQ_01,SCENE_01,Lawn,ZONE_C,5,2.0,301,360,60,60,1.0,4,2.4166666666666665,3,0.009241552965517241,0.01304384,0.43606073103448273,144,0.0010091611034482757,12.109931034482758,0.03027483034482759,0.12709972,0.020101593748840685,-0.0020116797931034364,0.7056893560654222,49.214496551724146,186.33946644306965,0.31995079380186675,0.993103448275862,NORMAL,0,526,LOCAL_VIDEO_EMBEDDED_RED_TEXT_ONSET,TRAIN
SEQ_01,SCENE_01,Lawn,ZONE_A,6,2.0,361,420,60,60,1.0,5,3.6,4,0.01019251560185185,0.01296045,0.49206381481481487,214,0.0007644094444444444,9.172919907407408,0.02293228912037037,0.07525887,0.013265856918179915,-2.784046296296289e-05,0.4322277693835955,45.67169907407407,116.28459045373907,0.6029961008344591,0.9907407407407407,NORMAL,0,526,LOCAL_VIDEO_EMBEDDED_RED_TEXT_ONSET,TRAIN
SEQ_01,SCENE_01,Lawn,ZONE_B,6,2.0,361,420,60,60,1.0,5,3.15,4,0.011393541851851851,0.02278213,0.407408343915344,185,0.0014121093650793651,16.945314814814814,0.04236328206349207,0.33366842,0.044791778694091136,-0.018596579682539676,1.1286588071150645,40.146298412698414,21.746300931798867,0.38734371233204296,0.9788359788359788,NORMAL,0,526,LOCAL_VIDEO_EMBEDDED_RED_TEXT_ONSET,TRAIN
SEQ_01,SCENE_01,Lawn,ZONE_C,6,2.0,361,420,60,60,1.0,3,2.433333333333333,3,0.009619882054794521,0.01163436,0.45701016438356173,143,0.0009427991780821919,11.313594520547946,0.028283986917808215,0.08288019,0.01825624322756362,0.02639407082191781,0.4579009021317755,48.39155753424658,199.37815150346515,0.30127674276370736,0.9794520547945206,NORMAL,0,526,LOCAL_VIDEO_EMBEDDED_RED_TEXT_ONSET,TRAIN
SEQ_01,SCENE_01,Lawn,ZONE_A,7,2.0,421,480,60,60,1.0,4,2.2666666666666666,3,0.011193578382352942,0.01316158,0.46605214705882353,135,0.0009646413970588235,11.575694117647059,0.028939240441176475,0.06372977,0.014828158094166249,0.009045073382352936,0.5158774969193289,40.71546691176471,72.96523997872067,0.5328664882361374,0.9926470588235294,NORMAL,0,526,LOCAL_VIDEO_EMBEDDED_RED_TEXT_ONSET,TRAIN
SEQ_01,SCENE_01,Lawn,ZONE_B,7,2.0,421,480,60,60,1.0,5,3.7333333333333334,4,0.013513764508928572,0.01881931,0.4737089196428572,224,0.0013459928125,16.151918303571428,0.040379787008928573,0.25015949,0.034885923487623476,-0.005605474776785723,0.9844051510096814,42.86772991071429,3.3534612182842465,0.5463480906222343,1.0,NORMAL,0,526,LOCAL_VIDEO_EMBEDDED_RED_TEXT_ONSET,TRAIN
SEQ_01,SCENE_01,Lawn,ZONE_C,7,2.0,421,480,60,60,1.0,5,2.0833333333333335,3,0.009587488879999998,0.01368525,0.453290144,124,0.0011457560000000002,13.749082399999999,0.03437269848,0.17966274,0.02986154082650815,-0.004735547280000013,0.7392991298995235,40.9032984,256.16218750162386,0.415910837744182,0.992,NORMAL,0,526,LOCAL_VIDEO_EMBEDDED_RED_TEXT_ONSET,TRAIN
SEQ_01,SCENE_01,Lawn,ZONE_A,9,2.0,541,576,30,60,0.5,6,1.4333333333333333,4,0.012189247209302326,0.01844996,0.5140573023255813,37,0.008693359534883722,104.32031627906976,0.26080078906976745,0.68407117,0.17024623623655727,0.11281197069767439,3.921051876651045,9.078523255813952,175.99616043885305,0.810554039026005,0.8604651162790697,ABNORMAL,1,526,LOCAL_VIDEO_EMBEDDED_RED_TEXT_ONSET,TRAIN
SEQ_01,SCENE_01,Lawn,ZONE_B,9,2.0,541,587,47,60,0.7833333333333333,3,1.2765957446808511,3,0.017210292999999998,0.02282599,0.6927864499999999,58,0.005527943833333334,66.33532166666667,0.16583831200000002,0.43919909,0.07867269579017366,0.07211922433333334,1.9987047777300957,14.655279999999998,39.88617416427528,0.8000004950815444,0.9666666666666667,ABNORMAL,1,526,LOCAL_VIDEO_EMBEDDED_RED_TEXT_ONSET,TRAIN
SEQ_01,SCENE_01,Lawn,ZONE_C,9,2.0,541,600,51,60,0.85,9,1.7843137254901962,3,0.012254907252747253,0.02012462,0.5726417472527473,82,0.006212822637362637,74.55387582417582,0.1863846776923077,0.46155957,0.11275022541486515,-0.30094062373626373,2.8532664697233767,14.275205494505496,7.460325530981478,0.8161619743378024,0.9010989010989011,ABNORMAL,1,526,LOCAL_VIDEO_EMBEDDED_RED_TEXT_ONSET,TRAIN
SEQ_01,SCENE_01,Lawn,ZONE_C,10,2.0,601,610,10,60,0.16666666666666666,1,1.0,1,0.004597321,0.00580353,0.6114397,10,0.00428765,51.45179,0.12862946400000003,0.19612255,0.041382967299170605,0.164466152,1.3321594743271556,12.92972,28.408637886190856,0.9692141877870464,1.0,ABNORMAL,1,526,LOCAL_VIDEO_EMBEDDED_RED_TEXT_ONSET,TRAIN
SEQ_02,SCENE_01,Lawn,ZONE_A,0,2.0,627,686,60,60,1.0,7,3.9,5,0.011588404401709402,0.01677544,0.4806370897435897,228,0.0012787347863247862,15.344813247863247,0.038362036324786325,0.13982308,0.023826876315437194,0.006945489615384616,0.7924565009144964,35.83304487179487,247.60243763758172,0.1929418934805914,0.9743589743589743,NORMAL,0,1331,LOCAL_VIDEO_EMBEDDED_RED_TEXT_ONSET,VALIDATION
SEQ_02,SCENE_01,Lawn,ZONE_B,0,2.0,627,686,60,60,1.0,7,3.7,5,0.010490549009009009,0.03059469,0.41768645045045044,216,0.0012282536486486488,14.739040540540541,0.03684760599099099,0.30197693,0.03760337845855761,0.004152079099099109,0.9551813795203169,39.37462162162163,20.21740342602844,0.41095428389055993,0.972972972972973,NORMAL,0,1331,LOCAL_VIDEO_EMBEDDED_RED_TEXT_ONSET,VALIDATION
SEQ_02,SCENE_01,Lawn,ZONE_C,0,2.0,628,686,59,60,0.9833333333333333,2,1.7457627118644068,2,0.009486149417475729,0.01171933,0.4953115339805826,102,0.001229559805825243,14.754717475728151,0.03688679242718446,0.08566335,0.01906949994558298,-0.001966639999999993,0.5662821827677685,31.453686407766995,144.61554650492417,0.16192622975941112,0.9902912621359223,NORMAL,0,1331,LOCAL_VIDEO_EMBEDDED_RED_TEXT_ONSET,VALIDATION
SEQ_02,SCENE_01,Lawn,ZONE_A,1,2.0,687,746,60,60,1.0,7,4.2,5,0.010097141666666667,0.01599304,0.48060504365079365,247,0.0009383555952380952,11.26026626984127,0.028150664722222222,0.17376652,0.023651176820665774,-0.004590872698412719,0.7589860128311641,50.999972619047625,212.49008711326545,0.1763278974258043,0.9801587301587301,NORMAL,0,1331,LOCAL_VIDEO_EMBEDDED_RED_TEXT_ONSET,VALIDATION
SEQ_02,SCENE_01,Lawn,ZONE_B,1,2.0,687,746,60,60,1.0,12,4.85,6,0.011365320034364261,0.03272624,0.493380793814433,285,0.0015520283161512029,18.624340893470787,0.046560851615120274,0.23620539,0.040230159560010206,-0.0006104208934707865,1.1617614630691426,49.3061439862543,358.389991667011,0.25315958552678175,0.979381443298969,NORMAL,0,1331,LOCAL_VIDEO_EMBEDDED_RED_TEXT_ONSET,VALIDATION
SEQ_02,SCENE_01,Lawn,ZONE_C,1,2.0,687,735,49,60,0.8166666666666667,2,1.7142857142857142,2,0.008569226428571428,0.01258721,0.5126258095238094,84,0.0016368794047619047,19.64254761904762,0.049106379285714284,0.16115337,0.02914330854882291,-0.002614656547619044,0.9562550868685018,42.48843690476191,164.11695353717852,0.6462712387290341,1.0,NORMAL,0,1331,LOCAL_VIDEO_EMBEDDED_RED_TEXT_ONSET,VALIDATION
SEQ_02,SCENE_01,Lawn,ZONE_A,2,2.0,747,806,60,60,1.0,4,3.2,4,0.011931718541666669,0.01942674,0.5074494427083333,185,0.0011643172395833332,13.9718109375,0.03492951760416666,0.22939483,0.03628580267095965,0.0006026528124999953,1.2043162343443987,45.68903541666666,340.5667719141692,0.42396458710763985,0.9635416666666666,NORMAL,0,1331,LOCAL_VIDEO_EMBEDDED_RED_TEXT_ONSET,VALIDATION
SEQ_02,SCENE_01,Lawn,ZONE_B,2,2.0,747,806,60,60,1.0,8,5.25,8,0.01154227273015873,0.0193349,0.5097972222222221,312,0.0016135187936507937,19.362229206349205,0.04840557203174603,0.34064887,0.04171383546053217,-0.010305324349206337,1.2442325428000902,44.64898126984127,13.927814211554532,0.25210120447159434,0.9904761904761905,NORMAL,0,1331,LOCAL_VIDEO_EMBEDDED_RED_TEXT_ONSET,VALIDATION
SEQ_02,SCENE_01,Lawn,ZONE_C,2,2.0,774,806,33,60,0.55,1,1.0,1,0.010981237878787879,0.01165537,0.4697725757575758,33,0.0006844790909090909,8.213754545454545,0.020534364848484848,0.0395132,0.009981024533480829,-0.02598617212121213,0.335903856926564,38.52207878787879,85.3653483102897,0.4048960467877235,1.0,NORMAL,0,1331,LOCAL_VIDEO_EMBEDDED_RED_TEXT_ONSET,VALIDATION
SEQ_02,SCENE_01,Lawn,ZONE_A,3,2.0,807,866,60,60,1.0,4,2.45,4,0.012770571428571428,0.02032604,0.5814889387755101,140,0.0011447968027210884,13.737562585034016,0.03434390795918367,0.22484191,0.036139849327859734,-0.005563741292516994,1.1770320298607724,48.78587551020408,307.87089667795374,0.31126514288159035,0.9523809523809523,NORMAL,0,1331,LOCAL_VIDEO_EMBEDDED_RED_TEXT_ONSET,VALIDATION
SEQ_02,SCENE_01,Lawn,ZONE_B,3,2.0,807,866,60,60,1.0,11,5.983333333333333,7,0.010527530250696379,0.0259478,0.44676285793871867,350,0.0015543576880222842,18.652289972144846,0.04663072699164345,0.68006537,0.05337227102767339,-0.010746917632311974,1.6822398253999904,49.74721253481894,228.43152799099386,0.10988322182166754,0.9749303621169917,NORMAL,0,1331,LOCAL_VIDEO_EMBEDDED_RED_TEXT_ONSET,VALIDATION
SEQ_02,SCENE_01,Lawn,ZONE_C,3,2.0,823,866,44,60,0.7333333333333333,2,1.5227272727272727,2,0.011577664925373134,0.01531961,0.6640612537313433,66,0.0014925807462686568,17.9109671641791,0.044777425820895514,0.14189821,0.03078609798567166,-0.008329438358208959,0.638785465684092,29.268780597014928,349.76936393906567,0.7990075687212534,0.9850746268656716,NORMAL,0,1331,LOCAL_VIDEO_EMBEDDED_RED_TEXT_ONSET,VALIDATION
SEQ_02,SCENE_01,Lawn,ZONE_A,4,2.0,867,926,60,60,1.0,5,3.5,5,0.009964894238095238,0.01263303,0.502289938095238,208,0.000929879,11.158548571428573,0.027896371,0.12961608,0.022953889778494052,-0.012431011285714288,0.5294325031286774,39.593466190476185,259.47602964251286,0.38259692483333896,0.9904761904761905,NORMAL,0,1331,LOCAL_VIDEO_EMBEDDED_RED_TEXT_ONSET,VALIDATION
SEQ_02,SCENE_01,Lawn,ZONE_B,4,2.0,867,926,60,60,1.0,7,3.3,5,0.01054711227272727,0.01825414,0.4255948939393939,194,0.0018393147979797978,22.071778282828287,0.05517945616161615,0.21921284,0.03919632665905182,0.08387839828282828,0.9998953970312687,36.13706767676768,319.5658029768956,0.12889186692805757,0.9797979797979798,NORMAL,0,1331,LOCAL_VIDEO_EMBEDDED_RED_TEXT_ONSET,VALIDATION
SEQ_02,SCENE_01,Lawn,ZONE_C,4,2.0,867,926,60,60,1.0,2,1.8666666666666667,2,0.00957444232142857,0.0122585,0.4736980267857143,112,0.0010838613392857143,13.006336607142858,0.03251583955357142,0.07639137,0.018127994731847924,-0.010529843571428572,0.5305828628310028,36.1698375,336.7528140642662,0.7822446572670945,1.0,NORMAL,0,1331,LOCAL_VIDEO_EMBEDDED_RED_TEXT_ONSET,VALIDATION
SEQ_02,SCENE_01,Lawn,ZONE_A,5,2.0,927,986,60,60,1.0,5,3.65,5,0.010164561415525112,0.01220425,0.5364552922374429,219,0.000648816894977169,7.785805479452056,0.01946451095890411,0.12412613,0.01481405823128595,0.007576238310502286,0.4120846730533348,44.541451598173516,265.6897362459189,0.49192911643517234,1.0,NORMAL,0,1331,LOCAL_VIDEO_EMBEDDED_RED_TEXT_ONSET,VALIDATION
SEQ_02,SCENE_01,Lawn,ZONE_B,5,2.0,927,986,60,60,1.0,8,3.8833333333333333,6,0.010060322188841201,0.01463377,0.4260902145922747,228,0.0013017669098712447,15.621204291845494,0.039053010085836906,0.13039742,0.02900634857606969,-0.009600947339055798,0.7675969594896074,47.205508583690985,70.0608850091057,0.025772984028148527,0.9785407725321889,NORMAL,0,1331,LOCAL_VIDEO_EMBEDDED_RED_TEXT_ONSET,VALIDATION
SEQ_02,SCENE_01,Lawn,ZONE_C,5,2.0,927,986,60,60,1.0,3,1.9,3,0.010396581491228069,0.01393593,0.5127273333333333,113,0.0010216621929824562,12.25993596491228,0.030649848070175435,0.10697478,0.02113032060651964,-0.025992596228070174,0.5136689852906512,34.46074473684211,320.8364982264578,0.6301021882829974,0.9912280701754386,NORMAL,0,1331,LOCAL_VIDEO_EMBEDDED_RED_TEXT_ONSET,VALIDATION
SEQ_02,SCENE_01,Lawn,ZONE_A,6,2.0,987,1046,60,60,1.0,5,3.316666666666667,5,0.009505084371859297,0.01218316,0.4579784522613065,197,0.0008486200502512564,10.183442713567839,0.02545860100502512,0.19989829,0.01932110207797372,0.028285734422110555,0.5856227130588619,42.18816432160804,303.2535014289757,0.4313770522354793,0.9899497487437185,NORMAL,0,1331,LOCAL_VIDEO_EMBEDDED_RED_TEXT_ONSET,VALIDATION
SEQ_02,SCENE_01,Lawn,ZONE_B,6,2.0,987,1046,60,60,1.0,7,4.116666666666666,5,0.009177655951417006,0.01417904,0.4216933481781377,245,0.0009517844939271256,11.421410931174089,0.028553531659919026,0.15883282,0.02583251740507223,0.0011480229959514078,0.700979336329354,48.03537570850202,81.84550903127672,0.22832436822757127,0.9919028340080972,NORMAL,0,1331,LOCAL_VIDEO_EMBEDDED_RED_TEXT_ONSET,VALIDATION
SEQ_02,SCENE_01,Lawn,ZONE_C,6,2.0,987,1046,60,60,1.0,6,3.6333333333333333,5,0.010139479082568808,0.01438766,0.49147886697247706,215,0.0010616607798165137,12.739929357798164,0.0318498273853211,0.13966203,0.02361668699461617,0.010779862339449532,0.5214922023589659,40.405220183486236,4.2030363584656625,0.4013301506186913,0.9862385321100917,NORMAL,0,1331,LOCAL_VIDEO_EMBEDDED_RED_TEXT_ONSET,VALIDATION
SEQ_02,SCENE_01,Lawn,ZONE_A,7,2.0,1047,1106,60,60,1.0,5,3.1333333333333333,4,0.009394809468085106,0.01414606,0.42057172872340426,186,0.0009759304787234044,11.711167021276598,0.029277919042553193,0.10408794,0.017635988088166996,-0.003962186595744693,0.5742506087290892,37.40540478723404,345.7119506360102,0.6300270839632159,0.9893617021276596,NORMAL,0,1331,LOCAL_VIDEO_EMBEDDED_RED_TEXT_ONSET,VALIDATION
SEQ_02,SCENE_01,Lawn,ZONE_B,7,2.0,1047,1106,60,60,1.0,8,4.166666666666667,7,0.009000292040000002,0.01487527,0.44323988,247,0.00098224276,11.786911199999999,0.029467279120000002,0.13029101,0.02354282412228127,0.0041567132,0.5714039842505882,49.333806800000005,41.271991686699415,0.2645663038006221,0.988,NORMAL,0,1331,LOCAL_VIDEO_EMBEDDED_RED_TEXT_ONSET,VALIDATION
SEQ_02,SCENE_01,Lawn,ZONE_C,7,2.0,1047,1106,60,60,1.0,5,4.166666666666667,5,0.00932819172,0.01326575,0.458615316,250,0.0009892200800000002,11.870641599999999,0.029676601759999997,0.14884275,0.022161456657388966,0.007904465679999997,0.729574479633904,49.86587480000001,157.961090039866,0.30290139831493273,1.0,NORMAL,0,1331,LOCAL_VIDEO_EMBEDDED_RED_TEXT_ONSET,VALIDATION
SEQ_02,SCENE_01,Lawn,ZONE_A,8,2.0,1107,1166,60,60,1.0,3,1.8,2,0.009618568425925926,0.01477975,0.35956089814814807,105,0.0014925493518518518,17.910597222222222,0.04477648787037038,0.28656398,0.03894922225927021,-0.042817238518518534,1.0268726124711016,36.65161851851852,68.3067816204994,0.2056260847635868,0.9722222222222222,NORMAL,0,1331,LOCAL_VIDEO_EMBEDDED_RED_TEXT_ONSET,VALIDATION
SEQ_02,SCENE_01,Lawn,ZONE_B,8,2.0,1107,1166,60,60,1.0,11,5.733333333333333,8,0.009732896337209302,0.0155006,0.4437298081395349,341,0.001016574418604651,12.19889069767442,0.03049722369186046,0.29995562,0.030971158547763236,0.032142214302325584,0.9251158659015319,44.35935087209302,271.1735505197223,0.14987097426842141,0.9912790697674418,NORMAL,0,1331,LOCAL_VIDEO_EMBEDDED_RED_TEXT_ONSET,VALIDATION
SEQ_02,SCENE_01,Lawn,ZONE_C,8,2.0,1107,1166,60,60,1.0,4,2.566666666666667,4,0.009644899025974025,0.01760872,0.45799741558441565,154,0.001315684155844156,15.788207142857145,0.039470520129870124,0.13307373,0.022188569448671206,0.01819915974025974,0.5538543332358502,31.59994090909091,175.98888209010238,0.7331535248301025,1.0,NORMAL,0,1331,LOCAL_VIDEO_EMBEDDED_RED_TEXT_ONSET,VALIDATION
SEQ_02,SCENE_01,Lawn,ZONE_A,9,2.0,1167,1226,60,60,1.0,3,1.2666666666666666,2,0.009106194210526317,0.01047032,0.5489700526315789,74,0.0007090661842105262,8.508793421052632,0.02127197894736842,0.0575904,0.012070772861810899,0.01589872473684211,0.3145930380560926,39.79264868421052,52.723489820842715,0.4863514062433599,0.9736842105263158,NORMAL,0,1331,LOCAL_VIDEO_EMBEDDED_RED_TEXT_ONSET,VALIDATION
SEQ_02,SCENE_01,Lawn,ZONE_B,9,2.0,1167,1226,60,60,1.0,11,5.883333333333334,8,0.010110605694050992,0.02343898,0.4203557223796034,342,0.0016278206515580734,19.533848725212465,0.04883461878186969,0.48830632,0.0486474472215422,0.02719081810198299,1.3957630798240197,38.67813909348442,195.95264476893718,0.1954913981299718,0.9688385269121813,NORMAL,0,1331,LOCAL_VIDEO_EMBEDDED_RED_TEXT_ONSET,VALIDATION
SEQ_02,SCENE_01,Lawn,ZONE_C,9,2.0,1167,1226,60,60,1.0,2,1.3333333333333333,2,0.009879386375000002,0.011697,0.598387625,80,0.00105873675,12.70484625,0.03176211525,0.1090856,0.018629715457524974,-0.0030976550000000103,0.45500805066628663,33.029465,84.56377800083548,0.3685344829708447,1.0,NORMAL,0,1331,LOCAL_VIDEO_EMBEDDED_RED_TEXT_ONSET,VALIDATION
SEQ_02,SCENE_01,Lawn,ZONE_A,10,2.0,1227,1286,60,60,1.0,2,2.0,2,0.010713567666666667,0.01296235,0.5386015583333332,120,0.0013379891666666667,16.055868333333333,0.04013966525,0.12042098,0.02896134053336873,-0.010509988916666664,0.6443755646060608,27.560745833333332,134.284620447457,0.46711651852504693,1.0,NORMAL,0,1331,LOCAL_VIDEO_EMBEDDED_RED_TEXT_ONSET,VALIDATION
SEQ_02,SCENE_01,Lawn,ZONE_B,10,2.0,1227,1286,60,60,1.0,7,3.4833333333333334,5,0.009315454832535885,0.01199731,0.5085354258373206,206,0.0009379127751196172,11.254953110047849,0.028137382248803827,0.09916484,0.017049457315192203,-0.02108663062200957,0.6021144553564777,38.68809473684211,158.9331149504639,0.40305119378960125,0.9856459330143541,NORMAL,0,1331,LOCAL_VIDEO_EMBEDDED_RED_TEXT_ONSET,VALIDATION
SEQ_02,SCENE_01,Lawn,ZONE_C,10,2.0,1227,1286,60,60,1.0,2,1.95,2,0.011201912478632475,0.01418035,0.6300531282051283,117,0.0009673723076923076,11.60846752136752,0.02902116923076923,0.08076771,0.018870305132522174,0.002222821880341893,0.5124764294562694,34.126087179487186,68.85262775876484,0.15367134081339434,1.0,NORMAL,0,1331,LOCAL_VIDEO_EMBEDDED_RED_TEXT_ONSET,VALIDATION
SEQ_02,SCENE_01,Lawn,ZONE_A,12,2.0,1347,1349,3,60,0.05,1,1.0,1,0.011783836666666667,0.01291252,0.3665366666666667,3,0.0060987233333333335,73.18469999999999,0.18296170666666667,0.21897338,0.026062175701068307,-1.6275947000000002,1.5877353423466287,44.27323333333333,159.15057946995918,0.9361915286253086,1.0,ABNORMAL,1,1331,LOCAL_VIDEO_EMBEDDED_RED_TEXT_ONSET,VALIDATION
SEQ_02,SCENE_01,Lawn,ZONE_B,12,2.0,1347,1406,60,60,1.0,3,1.4,3,0.013974782619047619,0.01912977,0.785814880952381,83,0.004209470714285714,50.51365357142857,0.1262841294047619,0.25375848,0.04929668870645799,-0.02897358952380949,1.6879393692803533,23.52387738095238,64.00579965977084,0.8352423029589766,0.9880952380952381,ABNORMAL,1,1331,LOCAL_VIDEO_EMBEDDED_RED_TEXT_ONSET,VALIDATION
SEQ_02,SCENE_01,Lawn,ZONE_C,12,2.0,1347,1406,60,60,1.0,5,1.7166666666666666,3,0.01287810378640777,0.02069497,0.6710723300970873,101,0.005153262233009709,61.83914757281554,0.15459786786407767,0.46492896,0.09126190372426482,0.02285221825242713,2.798283420179764,20.085938834951463,31.823198438855975,0.7725342720973741,0.9805825242718447,ABNORMAL,1,1331,LOCAL_VIDEO_EMBEDDED_RED_TEXT_ONSET,VALIDATION
SEQ_02,SCENE_01,Lawn,ZONE_B,13,2.0,1407,1426,20,60,0.3333333333333333,1,1.0,1,0.0125244775,0.01866455,0.8012633499999999,20,0.0037000865,44.401039999999995,0.11100261549999998,0.25744656,0.06302215914951212,-0.1523296945,1.4987397393469875,25.236264999999996,60.36755246489682,0.7884600392590366,1.0,ABNORMAL,1,1331,LOCAL_VIDEO_EMBEDDED_RED_TEXT_ONSET,VALIDATION
SEQ_02,SCENE_01,Lawn,ZONE_C,13,2.0,1407,1435,29,60,0.48333333333333334,2,1.1724137931034482,2,0.006146267352941176,0.01460838,0.7302693823529411,34,0.003001324117647059,36.01590294117647,0.09003974176470589,0.21705519,0.030865709268441507,-0.08183965411764703,1.0566962735516194,20.086808823529417,56.116793972303924,0.883785319514893,1.0,ABNORMAL,1,1331,LOCAL_VIDEO_EMBEDDED_RED_TEXT_ONSET,VALIDATION
SEQ_03,SCENE_02,Indoor,ZONE_A,0,2.0,1455,1514,60,60,1.0,3,2.3666666666666667,3,0.01002534704225352,0.01122289,0.522141838028169,139,0.0003537743661971831,4.245288028169013,0.010613234154929577,0.05546709,0.01024961302562462,-0.00034160492957746277,0.28288705742937625,65.12072394366197,174.68141022441554,0.1089586098776216,0.9788732394366197,NORMAL,0,1807,LOCAL_VIDEO_EMBEDDED_RED_TEXT_ONSET,TRAIN
SEQ_03,SCENE_02,Indoor,ZONE_B,0,2.0,1455,1514,60,60,1.0,5,4.233333333333333,5,0.010590561968503935,0.01834607,0.5461181023622047,249,0.0008082310629921261,9.69876929133858,0.02424692818897638,0.15511433,0.021990229683445817,0.007236108976377952,0.6340255218601661,51.15439566929134,214.2553401236318,0.22389906284186417,0.9803149606299213,NORMAL,0,1807,LOCAL_VIDEO_EMBEDDED_RED_TEXT_ONSET,TRAIN
SEQ_03,SCENE_02,Indoor,ZONE_A,1,2.0,1515,1574,60,60,1.0,4,3.5,4,0.009299852,0.0109016,0.46032431904761906,209,0.0005939266666666666,7.127113809523809,0.017817781571428572,0.13557654,0.02059404161474351,0.00550422342857143,0.3915759938299859,64.21471571428572,294.11821700723976,0.061343367082614675,0.9952380952380953,NORMAL,0,1807,LOCAL_VIDEO_EMBEDDED_RED_TEXT_ONSET,TRAIN
SEQ_03,SCENE_02,Indoor,ZONE_B,1,2.0,1515,1574,60,60,1.0,5,4.3,5,0.010207678953488371,0.01769009,0.4686362829457364,258,0.0010063343023255815,12.076017054263566,0.030190039147286823,0.24818142,0.033300942911712816,0.03044872127906977,1.0090802584755783,56.39011046511629,7.796195549096426,0.06351216171203468,1.0,NORMAL,0,1807,LOCAL_VIDEO_EMBEDDED_RED_TEXT_ONSET,TRAIN
SEQ_03,SCENE_02,Indoor,ZONE_A,2,2.0,1575,1634,60,60,1.0,5,3.466666666666667,5,0.01002940793269231,0.01538159,0.4525541971153846,206,0.0007361222115384615,8.833471634615385,0.02208367798076923,0.16244695,0.025300452565362567,0.00921079774038462,0.5463813108977675,66.60823557692308,198.90553451788426,0.2201770957899452,0.9903846153846154,NORMAL,0,1807,LOCAL_VIDEO_EMBEDDED_RED_TEXT_ONSET,TRAIN
SEQ_03,SCENE_02,Indoor,ZONE_B,2,2.0,1575,1634,60,60,1.0,6,4.366666666666666,5,0.011032540076335877,0.01931037,0.5086512213740458,259,0.0009688466030534351,11.626158396946565,0.02906540011450381,0.27005037,0.03493808396572186,-0.03820295320610687,0.9328452146597187,50.40828244274809,326.19556202472654,0.11247296597938164,0.9885496183206107,NORMAL,0,1807,LOCAL_VIDEO_EMBEDDED_RED_TEXT_ONSET,TRAIN
SEQ_03,SCENE_02,Indoor,ZONE_A,3,2.0,1635,1694,60,60,1.0,5,3.033333333333333,4,0.010288252362637364,0.01441768,0.3920287087912088,179,0.0008950685164835166,10.740817582417582,0.02685205346153846,0.16075412,0.02690807431647961,0.00895092626373627,0.8778001360196506,58.60087472527472,207.22286830840292,0.14142352261338334,0.9835164835164835,NORMAL,0,1807,LOCAL_VIDEO_EMBEDDED_RED_TEXT_ONSET,TRAIN
SEQ_03,SCENE_02,Indoor,ZONE_B,3,2.0,1635,1694,60,60,1.0,5,4.533333333333333,5,0.01039930974264706,0.01683414,0.5541724007352942,271,0.0007028937132352942,8.434723897058822,0.021086819080882356,0.17592136,0.022881297099038408,-0.00267620908088236,0.604295885370399,52.55013088235294,11.924603743185035,0.08153301633352909,0.9963235294117647,NORMAL,0,1807,LOCAL_VIDEO_EMBEDDED_RED_TEXT_ONSET,TRAIN
SEQ_03,SCENE_02,Indoor,ZONE_A,4,2.0,1695,1754,60,60,1.0,5,1.4,4,0.012141784404761904,0.01693356,0.40730117857142856,82,0.0014131621428571425,16.95794880952381,0.04239485869047619,0.20132119,0.04055493816526211,0.04597996166666667,1.5667649362878773,60.647078571428565,350.05259250483704,0.19039468686889105,0.9761904761904762,NORMAL,0,1807,LOCAL_VIDEO_EMBEDDED_RED_TEXT_ONSET,TRAIN
SEQ_03,SCENE_02,Indoor,ZONE_B,4,2.0,1695,1754,60,60,1.0,8,5.6,6,0.010295145505952381,0.01636899,0.3981133214285714,333,0.0008833955952380952,10.600747321428571,0.026501865565476197,0.23962199,0.02427216585211102,0.010525620773809525,0.7160269347199046,45.5190431547619,277.9655076023017,0.25798323644316234,0.9910714285714286,NORMAL,0,1807,LOCAL_VIDEO_EMBEDDED_RED_TEXT_ONSET,TRAIN
SEQ_03,SCENE_02,Indoor,ZONE_A,6,2.0,1815,1870,13,60,0.21666666666666667,3,1.0,1,0.01118825923076923,0.01422164,0.46600053846153844,9,0.0031097153846153846,37.31657692307692,0.09329144615384616,0.24058997,0.07978787501823574,0.6743726061538461,1.2984841481992737,6.115038461538461,335.43544976602715,0.6675031779186902,0.6923076923076923,ABNORMAL,1,1807,LOCAL_VIDEO_EMBEDDED_RED_TEXT_ONSET,TRAIN
SEQ_03,SCENE_02,Indoor,ZONE_B,6,2.0,1815,1874,60,60,1.0,11,3.933333333333333,6,0.007651348389830508,0.02318762,0.5434117076271187,222,0.0035272941525423727,42.32752796610169,0.10581882487288134,0.55041288,0.07897804809276246,0.09049777838983049,2.0953661265751324,30.8733906779661,307.7535347301458,0.532390469353608,0.940677966101695,ABNORMAL,1,1807,LOCAL_VIDEO_EMBEDDED_RED_TEXT_ONSET,TRAIN
SEQ_03,SCENE_02,Indoor,ZONE_A,7,2.0,1889,1930,10,60,0.16666666666666666,3,1.0,1,0.006712343,0.01010669,0.32912069999999993,6,0.001060141,12.72169,0.031804193,0.06809938,0.02763927677507899,0.05708566,0.24395452553712035,32.40418999999999,319.53881553675404,0.3761307468579085,0.6,ABNORMAL,1,1807,LOCAL_VIDEO_EMBEDDED_RED_TEXT_ONSET,TRAIN
SEQ_03,SCENE_02,Indoor,ZONE_B,7,2.0,1875,1934,60,60,1.0,3,1.55,3,0.004533250215053763,0.00777705,0.6525692473118279,91,0.0018103891397849461,21.724669892473116,0.054311682258064514,0.18948446,0.039473467372135744,-0.018748869569892464,0.8238839709070498,25.979952688172045,280.46894348343426,0.5338668862573032,0.978494623655914,ABNORMAL,1,1807,LOCAL_VIDEO_EMBEDDED_RED_TEXT_ONSET,TRAIN
SEQ_03,SCENE_02,Indoor,ZONE_B,8,2.0,1935,1994,60,60,1.0,3,1.3666666666666667,2,0.004047354268292683,0.0051585,0.42054790243902435,79,0.0010912389024390241,13.094870731707315,0.03273717317073171,0.16419425,0.0274071036482097,-0.006865379512195123,0.7903408613687671,51.094748780487805,236.66304088588555,0.16208150948197664,0.9634146341463414,ABNORMAL,1,1807,LOCAL_VIDEO_EMBEDDED_RED_TEXT_ONSET,TRAIN
SEQ_03,SCENE_02,Indoor,ZONE_B,9,2.0,1995,1995,1,60,0.016666666666666666,1,1.0,1,0.00407169,0.00407169,0.187802,1,0.000327,3.924,0.00981008,0.00981008,0.0,0.16658715,0.0,57.8924,50.000806320180814,1.0000000013630144,1.0,ABNORMAL,1,1807,LOCAL_VIDEO_EMBEDDED_RED_TEXT_ONSET,TRAIN
SEQ_04,SCENE_02,Indoor,ZONE_A,0,2.0,2004,2063,60,60,1.0,7,5.983333333333333,7,0.00846062774373259,0.01818561,0.3990136880222842,352,0.0008025520891364902,9.630626740947076,0.024076562980501388,0.27434376,0.023816954434428213,-0.0025858721448467886,0.7154667328371673,56.7833799442897,332.2917852506197,0.18313802636739052,0.9805013927576601,NORMAL,0,2606,LOCAL_VIDEO_EMBEDDED_RED_TEXT_ONSET,TRAIN
SEQ_04,SCENE_02,Indoor,ZONE_B,0,2.0,2004,2063,60,60,1.0,3,2.933333333333333,3,0.008680850795454546,0.01169851,0.46784935795454546,172,0.0003806475,4.567771022727272,0.011419428465909091,0.05664651,0.010987427923081794,0.009290268181818185,0.32208400454893,70.02261022727272,4.127357948498479,0.04302324910042294,0.9772727272727273,NORMAL,0,2606,LOCAL_VIDEO_EMBEDDED_RED_TEXT_ONSET,TRAIN
SEQ_04,SCENE_02,Indoor,ZONE_A,1,2.0,2064,2123,60,60,1.0,5,4.2,5,0.008476962857142858,0.01218598,0.4027674722222222,251,0.0006055139682539683,7.26616746031746,0.01816541400793651,0.13008971,0.016749258098804107,0.0015030385317460289,0.5714366330104994,70.88318452380952,215.85268698854946,0.030987904694860336,0.996031746031746,NORMAL,0,2606,LOCAL_VIDEO_EMBEDDED_RED_TEXT_ONSET,TRAIN
SEQ_04,SCENE_02,Indoor,ZONE_B,1,2.0,2064,2123,60,60,1.0,4,3.85,4,0.008907576969696969,0.01163574,0.5321933636363636,230,0.0008059743722943722,9.671688744588744,0.02417922692640693,0.13632405,0.02142641472868879,-0.01253506484848483,0.47662174706205124,47.1022935064935,63.71149954678017,0.15185897535392018,0.9956709956709957,NORMAL,0,2606,LOCAL_VIDEO_EMBEDDED_RED_TEXT_ONSET,TRAIN
SEQ_04,SCENE_02,Indoor,ZONE_A,2,2.0,2124,2183,60,60,1.0,6,4.083333333333333,5,0.010345831918367345,0.01627407,0.3949389469387755,241,0.0008983938367346939,10.780726938775508,0.02695181644897959,0.20455304,0.024930943529578756,0.01938496408163265,0.844571385690769,56.20996775510204,337.3236095506041,0.17913276912722856,0.9836734693877551,NORMAL,0,2606,LOCAL_VIDEO_EMBEDDED_RED_TEXT_ONSET,TRAIN
SEQ_04,SCENE_02,Indoor,ZONE_B,2,2.0,2124,2183,60,60,1.0,6,4.066666666666666,5,0.008685649139344262,0.01227879,0.4160583360655738,243,0.0007393146721311475,8.871778278688522,0.022179436147540983,0.33030114,0.03516587306584108,0.002327851639344263,0.9302135767283617,58.36821844262295,41.186109864629934,0.23740852094285297,0.9959016393442623,NORMAL,0,2606,LOCAL_VIDEO_EMBEDDED_RED_TEXT_ONSET,TRAIN
SEQ_04,SCENE_02,Indoor,ZONE_A,3,2.0,2184,2243,60,60,1.0,6,3.533333333333333,5,0.01108512287735849,0.01858002,0.4742734386792454,208,0.0012967392924528305,15.560866509433964,0.038902167311320755,0.35437164,0.04610231834906524,0.011001136792452838,1.6733292159266961,45.00155235849057,306.14718664694175,0.38532848709619427,0.9811320754716981,NORMAL,0,2606,LOCAL_VIDEO_EMBEDDED_RED_TEXT_ONSET,TRAIN
SEQ_04,SCENE_02,Indoor,ZONE_B,3,2.0,2184,2243,60,60,1.0,5,3.566666666666667,5,0.009171449579439252,0.0115908,0.47711814018691584,212,0.000337911261682243,4.054935514018692,0.010137344205607475,0.07434233,0.010413242839900468,-0.005980060514018692,0.35037483765295147,73.38165607476635,12.163988534252578,0.12111252562224702,0.9906542056074766,NORMAL,0,2606,LOCAL_VIDEO_EMBEDDED_RED_TEXT_ONSET,TRAIN
SEQ_04,SCENE_02,Indoor,ZONE_A,4,2.0,2244,2303,60,60,1.0,6,3.0166666666666666,4,0.011573376187845302,0.01705731,0.4423201049723758,178,0.0013288470718232045,15.946167955801107,0.03986541657458564,0.34820257,0.04627659411379912,0.03716596552486186,1.1691839047354495,51.83398839779006,299.1385670575939,0.3516788000108978,0.9834254143646409,NORMAL,0,2606,LOCAL_VIDEO_EMBEDDED_RED_TEXT_ONSET,TRAIN
SEQ_04,SCENE_02,Indoor,ZONE_B,4,2.0,2244,2303,60,60,1.0,5,4.133333333333334,5,0.00933122693548387,0.01232505,0.44112849193548387,247,0.0006835870967741935,8.203046370967742,0.020507614798387096,0.13296956,0.023043925053415446,0.006764369556451606,0.6129490671342485,62.599046774193546,119.85484884978212,0.11713368094558128,0.9959677419354839,NORMAL,0,2606,LOCAL_VIDEO_EMBEDDED_RED_TEXT_ONSET,TRAIN
SEQ_04,SCENE_02,Indoor,ZONE_A,5,2.0,2304,2363,60,60,1.0,5,3.183333333333333,4,0.012258106858638745,0.01845953,0.4321478167539266,189,0.0009952513089005236,11.943009947643977,0.029857527539267015,0.37907187,0.0363372476432729,-0.02082999952879581,1.2673415946942048,51.351051832460726,283.9791388361964,0.2760341907247743,0.9895287958115183,NORMAL,0,2606,LOCAL_VIDEO_EMBEDDED_RED_TEXT_ONSET,TRAIN
SEQ_04,SCENE_02,Indoor,ZONE_B,5,2.0,2304,2363,60,60,1.0,8,5.566666666666666,7,0.009055231467065869,0.01509508,0.4307501976047904,330,0.0010617008383233533,12.740412874251495,0.03185102847305389,0.45840339,0.04048140575696944,0.013241820958083827,1.347799597470358,53.88951766467067,276.27747015987495,0.20881135836769482,0.9880239520958084,NORMAL,0,2606,LOCAL_VIDEO_EMBEDDED_RED_TEXT_ONSET,TRAIN
SEQ_04,SCENE_02,Indoor,ZONE_A,6,2.0,2364,2423,60,60,1.0,4,3.55,4,0.01090593309859155,0.0138642,0.45762292957746475,213,0.0005513512676056338,6.616214553990609,0.016540535821596244,0.09738197,0.014811661081910467,0.00191842431924883,0.534805266719881,66.39198122065727,237.97923750287003,0.1165575789335828,1.0,NORMAL,0,2606,LOCAL_VIDEO_EMBEDDED_RED_TEXT_ONSET,TRAIN
SEQ_04,SCENE_02,Indoor,ZONE_B,6,2.0,2364,2423,60,60,1.0,7,4.233333333333333,5,0.009102466653543306,0.01347316,0.4726073070866142,252,0.0008309385826771653,9.971264566929134,0.02492815818897638,0.27973835,0.03045748243344932,-0.0040306161023622045,0.8339275380318554,59.617933070866144,314.18546083683447,0.22619746380199712,0.9921259842519685,NORMAL,0,2606,LOCAL_VIDEO_EMBEDDED_RED_TEXT_ONSET,TRAIN
SEQ_04,SCENE_02,Indoor,ZONE_A,7,2.0,2424,2483,60,60,1.0,6,2.7,4,0.01152241549382716,0.02571498,0.4078954444444444,158,0.001095387160493827,13.144643209876545,0.032861614197530864,0.65782114,0.0768894450261313,0.07437491987654321,1.9093887253269801,62.66382407407408,211.72050657861357,0.13430282537429628,0.9753086419753086,NORMAL,0,2606,LOCAL_VIDEO_EMBEDDED_RED_TEXT_ONSET,TRAIN
SEQ_04,SCENE_02,Indoor,ZONE_B,7,2.0,2424,2483,60,60,1.0,7,4.766666666666667,6,0.008185590034965036,0.01258681,0.4527868076923077,282,0.0008083824825174825,9.700593356643358,0.02425147678321678,0.2116927,0.028962051654562147,0.0038480937412587405,0.6132378462387208,59.832951398601395,245.78136285696462,0.123055887053666,0.986013986013986,NORMAL,0,2606,LOCAL_VIDEO_EMBEDDED_RED_TEXT_ONSET,TRAIN
SEQ_04,SCENE_02,Indoor,ZONE_A,8,2.0,2484,2543,60,60,1.0,7,2.65,4,0.010773720691823899,0.01955025,0.37292639622641505,153,0.0011829970440251573,14.195966666666667,0.03548991515723271,0.47464596,0.06009097805536118,-0.00964864213836478,1.6633517598692913,55.608675471698106,144.8706456906644,0.2606747266677799,0.9622641509433962,NORMAL,0,2606,LOCAL_VIDEO_EMBEDDED_RED_TEXT_ONSET,TRAIN
SEQ_04,SCENE_02,Indoor,ZONE_B,8,2.0,2484,2543,60,60,1.0,8,6.133333333333334,7,0.008389847038043479,0.01335324,0.42646067663043474,366,0.0007598678532608695,9.11841331521739,0.02279603828804348,0.24818865,0.027480537438890663,0.0129991579076087,0.6111574351422246,57.30413967391304,308.5633943488442,0.13848988821472694,0.9945652173913043,NORMAL,0,2606,LOCAL_VIDEO_EMBEDDED_RED_TEXT_ONSET,TRAIN
SEQ_04,SCENE_02,Indoor,ZONE_A,9,2.0,2544,2603,60,60,1.0,6,2.45,4,0.009459782857142857,0.0157077,0.4119668503401361,142,0.0017167570068027213,20.6010843537415,0.051502703605442186,0.24007044,0.04708312773314494,0.04395799598639456,1.273680666111885,45.11822653061225,73.94330897498226,0.3901695089370013,0.9659863945578231,NORMAL,0,2606,LOCAL_VIDEO_EMBEDDED_RED_TEXT_ONSET,TRAIN
SEQ_04,SCENE_02,Indoor,ZONE_B,9,2.0,2544,2603,60,60,1.0,8,3.25,5,0.009468142871794873,0.01375922,0.42708054871794876,189,0.0016052409230769232,19.26289128205128,0.048157224666666665,0.43307351,0.0577962457904616,0.009228566564102559,1.6735727237364895,47.60870666666666,68.06729498528316,0.26680084807534676,0.9692307692307692,NORMAL,0,2606,LOCAL_VIDEO_EMBEDDED_RED_TEXT_ONSET,TRAIN
SEQ_04,SCENE_02,Indoor,ZONE_A,11,2.0,2664,2673,10,60,0.16666666666666666,1,1.0,1,0.0030341170000000002,0.00519985,0.6372421,10,0.0029323269999999998,35.18791,0.087969793,0.1361083,0.02259775324179864,-0.026828658000000016,0.7248551973832277,6.682810000000001,117.27667915746346,0.9874042003626524,1.0,ABNORMAL,1,2606,LOCAL_VIDEO_EMBEDDED_RED_TEXT_ONSET,TRAIN
SEQ_04,SCENE_02,Indoor,ZONE_B,11,2.0,2664,2673,10,60,0.16666666666666666,2,1.2,2,0.0044814308333333336,0.00821078,0.6248450833333333,12,0.0030425841666666662,36.51101666666666,0.09127753916666666,0.13910302,0.02397465882549303,-0.06072743916666667,0.7916744260710578,14.117741666666666,83.13587955219137,0.9729982846824833,1.0,ABNORMAL,1,2606,LOCAL_VIDEO_EMBEDDED_RED_TEXT_ONSET,TRAIN
SEQ_05,SCENE_02,Indoor,ZONE_A,0,2.0,2689,2748,60,60,1.0,4,2.9,4,0.011735197873563218,0.01651061,0.4048698275862069,168,0.0009816204022988504,11.779445402298851,0.029448615977011497,0.19045353,0.02955632483665548,0.0555119883908046,0.8815769507716419,72.32137298850576,98.29097320374808,0.14407763670521692,0.9655172413793104,NORMAL,0,3220,LOCAL_VIDEO_EMBEDDED_RED_TEXT_ONSET,TRAIN
SEQ_05,SCENE_02,Indoor,ZONE_B,0,2.0,2689,2748,60,60,1.0,6,4.3,6,0.010303747790697674,0.01790332,0.5123702790697674,252,0.001036790542635659,12.441488372093021,0.031103716744186046,0.21169738,0.027173951378670312,0.021749896085271322,0.7237331583926221,44.975498062015504,178.97166473335622,0.15755446080796354,0.9767441860465116,NORMAL,0,3220,LOCAL_VIDEO_EMBEDDED_RED_TEXT_ONSET,TRAIN
SEQ_05,SCENE_02,Indoor,ZONE_A,1,2.0,2749,2808,60,60,1.0,3,1.8666666666666667,3,0.014121244910714287,0.01929837,0.3407066071428571,109,0.0007193960714285714,8.632755357142857,0.021581883392857142,0.11500992,0.019719797188530605,-0.02121618660714286,0.609286627633364,59.14255625,129.90558859806052,0.05068266018180753,0.9732142857142857,NORMAL,0,3220,LOCAL_VIDEO_EMBEDDED_RED_TEXT_ONSET,TRAIN
SEQ_05,SCENE_02,Indoor,ZONE_B,1,2.0,2749,2808,60,60,1.0,8,4.833333333333333,6,0.010355539586206896,0.01529895,0.523106496551724,286,0.0010911320689655172,13.093590344827584,0.03273397089655172,0.21089301,0.027980016961697635,-0.03214285096551724,0.841089497730669,52.52467310344828,295.50905369990727,0.13776090999418342,0.9862068965517241,NORMAL,0,3220,LOCAL_VIDEO_EMBEDDED_RED_TEXT_ONSET,TRAIN
SEQ_05,SCENE_02,Indoor,ZONE_A,2,2.0,2809,2868,60,60,1.0,3,2.066666666666667,3,0.013584044999999996,0.01957173,0.39188441935483875,122,0.0009326778225806452,11.192132258064518,0.02798032725806452,0.16120242,0.02939671678233043,0.005340228548387092,0.9000360284379165,62.64349758064516,287.4767847201,0.19994821526578213,0.9838709677419355,NORMAL,0,3220,LOCAL_VIDEO_EMBEDDED_RED_TEXT_ONSET,TRAIN
SEQ_05,SCENE_02,Indoor,ZONE_B,2,2.0,2809,2868,60,60,1.0,9,5.683333333333334,7,0.009445209472140764,0.01682186,0.5021822082111437,335,0.0009757458064516129,11.708948680351908,0.029272374369501468,0.34929644,0.027221705367953,-0.0004932946920821215,0.8041173656323264,49.93920967741935,187.8521671258192,0.2440512724432169,0.9824046920821115,NORMAL,0,3220,LOCAL_VIDEO_EMBEDDED_RED_TEXT_ONSET,TRAIN
SEQ_05,SCENE_02,Indoor,ZONE_A,3,2.0,2869,2928,60,60,1.0,4,2.35,4,0.011483662269503547,0.01454197,0.3172424680851064,140,0.000780755035460993,9.369060283687944,0.023422650425531915,0.10402063,0.020853541429124416,-0.011268500921985817,0.6425315554488187,63.09860567375886,183.2849184089097,0.2223500311155746,0.9929078014184397,NORMAL,0,3220,LOCAL_VIDEO_EMBEDDED_RED_TEXT_ONSET,TRAIN
SEQ_05,SCENE_02,Indoor,ZONE_B,3,2.0,2869,2928,60,60,1.0,9,6.266666666666667,8,0.009433503271276596,0.01452144,0.4128238696808511,370,0.001057793670212766,12.693522340425533,0.031733807021276594,0.20549121,0.029414023732167054,-0.016358592872340424,0.7603905217054291,48.674844946808506,193.9697803137922,0.17426528588232104,0.9840425531914894,NORMAL,0,3220,LOCAL_VIDEO_EMBEDDED_RED_TEXT_ONSET,TRAIN
SEQ_05,SCENE_02,Indoor,ZONE_A,4,2.0,2929,2988,60,60,1.0,7,2.3333333333333335,4,0.010298814500000001,0.01737022,0.35752505,134,0.0013999050714285715,16.79885642857143,0.04199714607142857,0.26544701,0.04590296728868548,0.029688497785714286,1.11332737790591,44.14687642857143,185.53241510088324,0.41369124685928066,0.9571428571428572,NORMAL,0,3220,LOCAL_VIDEO_EMBEDDED_RED_TEXT_ONSET,TRAIN
SEQ_05,SCENE_02,Indoor,ZONE_B,4,2.0,2929,2988,60,60,1.0,7,5.233333333333333,7,0.008165060350318472,0.01231232,0.3758695350318471,309,0.0012961385668789809,15.55365955414013,0.038884155987261144,0.23978243,0.03660954386422923,0.011668004490445855,0.7140047319488555,52.8361668789809,177.83633230256967,0.298658418256849,0.9840764331210191,NORMAL,0,3220,LOCAL_VIDEO_EMBEDDED_RED_TEXT_ONSET,TRAIN
SEQ_05,SCENE_02,Indoor,ZONE_A,5,2.0,2989,3048,48,60,0.8,5,1.75,3,0.01265329869047619,0.0203856,0.3400997142857143,80,0.0016641191666666665,19.969435714285716,0.04992357571428572,0.25234314,0.049437334605437554,0.09295324011904768,1.466062262850219,47.52785,187.09598363037517,0.28274331624479637,0.9523809523809523,NORMAL,0,3220,LOCAL_VIDEO_EMBEDDED_RED_TEXT_ONSET,TRAIN
SEQ_05,SCENE_02,Indoor,ZONE_B,5,2.0,2989,3048,60,60,1.0,7,5.533333333333333,7,0.008849564789156626,0.01219671,0.44599994578313257,328,0.0008641052409638555,10.369264457831326,0.025923155120481926,0.15205671,0.02236710561840942,0.00037937472891565866,0.613385866870307,51.868735240963865,173.7970553983885,0.1464344999247257,0.9879518072289156,NORMAL,0,3220,LOCAL_VIDEO_EMBEDDED_RED_TEXT_ONSET,TRAIN
SEQ_05,SCENE_02,Indoor,ZONE_A,6,2.0,3049,3108,56,60,0.9333333333333333,4,1.3571428571428572,2,0.01304429855263158,0.01916993,0.3977972631578947,74,0.001125335789473684,13.504032894736842,0.033760068684210526,0.28234088,0.03883550125370059,-0.01619733789473684,1.444995780278317,53.20930131578948,146.7646382273114,0.41303405276597527,0.9736842105263158,NORMAL,0,3220,LOCAL_VIDEO_EMBEDDED_RED_TEXT_ONSET,TRAIN
SEQ_05,SCENE_02,Indoor,ZONE_B,6,2.0,3049,3108,60,60,1.0,8,5.633333333333334,7,0.009732483698224851,0.01896214,0.3973312692307692,333,0.0010323747633136093,12.388499112426036,0.030971244792899404,0.22301708,0.024214571273274026,0.004566196745562136,0.7336933000722395,40.538010355029584,194.72380491743112,0.23729150631737145,0.985207100591716,NORMAL,0,3220,LOCAL_VIDEO_EMBEDDED_RED_TEXT_ONSET,TRAIN
SEQ_05,SCENE_02,Indoor,ZONE_A,7,2.0,3109,3168,60,60,1.0,4,2.433333333333333,4,0.011657606643835616,0.01754666,0.42313496575342463,144,0.0015272690410958905,18.327228082191784,0.045818063150684936,0.15777639,0.03058314402645359,0.03940028458904109,0.6945282891157877,33.01016232876713,183.27553651310922,0.4727919913666272,0.9863013698630136,NORMAL,0,3220,LOCAL_VIDEO_EMBEDDED_RED_TEXT_ONSET,TRAIN
SEQ_05,SCENE_02,Indoor,ZONE_B,7,2.0,3109,3168,60,60,1.0,9,4.383333333333334,5,0.010243633802281367,0.0199249,0.3471368403041825,259,0.0011829200380228137,14.195042585551331,0.03548760467680609,0.34551693,0.04088170366122626,0.05186022942965778,0.9457220505537166,49.54714448669201,255.84717921378217,0.09389294264729603,0.9847908745247148,NORMAL,0,3220,LOCAL_VIDEO_EMBEDDED_RED_TEXT_ONSET,TRAIN
SEQ_05,SCENE_02,Indoor,ZONE_A,9,2.0,3229,3272,39,60,0.65,3,1.564102564102564,3,0.008575220491803277,0.01692893,0.45541126229508205,58,0.0030175127868852457,36.210149180327875,0.09052538360655739,0.34338094,0.06079327277818045,-0.033828725573770466,1.484323806446844,28.239055737704913,0.19060362586879506,0.21434652801751455,0.9508196721311475,ABNORMAL,1,3220,LOCAL_VIDEO_EMBEDDED_RED_TEXT_ONSET,TRAIN
SEQ_05,SCENE_02,Indoor,ZONE_B,9,2.0,3229,3288,60,60,1.0,6,4.15,5,0.006411202771084337,0.01344516,0.6582765060240963,248,0.002248094738955823,26.97713574297189,0.0674428438554217,0.20008457,0.036364305512280315,-0.025551448393574296,0.9804304385568475,18.87066586345382,303.09811887456647,0.8081332606680767,0.9959839357429718,ABNORMAL,1,3220,LOCAL_VIDEO_EMBEDDED_RED_TEXT_ONSET,TRAIN
SEQ_05,SCENE_02,Indoor,ZONE_C,9,2.0,3251,3251,1,60,0.016666666666666666,1,1.0,1,0.01090395,0.01090395,0.482575,0,0.0,0.0,0.0,0.0,0.0,0.0,0.0,0.0,0.0,0.0,0.0,ABNORMAL,1,3220,LOCAL_VIDEO_EMBEDDED_RED_TEXT_ONSET,TRAIN
SEQ_05,SCENE_02,Indoor,ZONE_B,10,2.0,3289,3348,60,60,1.0,3,3.0,3,0.0038563424444444444,0.00527918,0.6485067833333333,180,0.0010581838333333334,12.698206666666668,0.031745514555555555,0.16181466,0.02559342590046287,-0.006016339277777782,0.7577174601488222,40.306292222222226,288.4713971144745,0.517786329046408,1.0,ABNORMAL,1,3220,LOCAL_VIDEO_EMBEDDED_RED_TEXT_ONSET,TRAIN
SEQ_05,SCENE_02,Indoor,ZONE_B,11,2.0,3349,3408,60,60,1.0,3,2.1333333333333333,3,0.003645212578125,0.00592748,0.493620625,126,0.001072028984375,12.86435,0.032160875312500004,0.09279006,0.020221590805243286,0.02893857765625,0.5482946081519773,41.81772734375,186.47316918217828,0.5896015855486125,0.984375,ABNORMAL,1,3220,LOCAL_VIDEO_EMBEDDED_RED_TEXT_ONSET,TRAIN
SEQ_05,SCENE_02,Indoor,ZONE_B,12,2.0,3409,3411,3,60,0.05,2,2.0,2,0.0029949999999999994,0.00411962,0.3083555,6,0.0010628916666666668,12.754700000000001,0.031886769999999995,0.07888731,0.026722846717510594,-0.5526151,0.7467885304708939,32.3679,246.80975435321835,0.7830461937815522,1.0,ABNORMAL,1,3220,LOCAL_VIDEO_EMBEDDED_RED_TEXT_ONSET,TRAIN
SEQ_06,SCENE_02,Indoor,ZONE_A,0,2.0,3457,3516,60,60,1.0,1,1.0,1,0.007791485833333333,0.0091572,0.3609576,59,0.000535931,6.431168333333333,0.016077922166666668,0.04155332,0.008733897415979706,-0.000946549833333341,0.32531744945052476,55.498881666666655,258.9025118476186,0.29095181852415847,0.9833333333333333,NORMAL,0,3939,LOCAL_VIDEO_EMBEDDED_RED_TEXT_ONSET,VALIDATION
SEQ_06,SCENE_02,Indoor,ZONE_B,0,2.0,3457,3516,60,60,1.0,8,6.0,7,0.009863473472222222,0.01691079,0.4916060833333333,350,0.0008504178333333332,10.205007499999999,0.02551252422222222,0.16248139,0.025744471925570608,0.004406644833333331,0.5889117775483369,55.44339138888889,130.11441821161645,0.17620917052523996,0.9722222222222222,NORMAL,0,3939,LOCAL_VIDEO_EMBEDDED_RED_TEXT_ONSET,VALIDATION
SEQ_06,SCENE_02,Indoor,ZONE_A,1,2.0,3517,3576,60,60,1.0,2,1.15,2,0.007899550434782611,0.00892904,0.23734471014492745,68,0.0007136021739130436,8.563228985507246,0.021408076666666668,0.06412595,0.014161783259975342,0.025339908115942035,0.509419205086531,52.509926086956526,67.81888885822707,0.4470836169443352,0.9855072463768116,NORMAL,0,3939,LOCAL_VIDEO_EMBEDDED_RED_TEXT_ONSET,VALIDATION
SEQ_06,SCENE_02,Indoor,ZONE_B,1,2.0,3517,3576,60,60,1.0,10,5.583333333333333,7,0.010414354119402985,0.01677426,0.463143976119403,327,0.0012266913731343284,14.720297014925373,0.03680074026865671,0.21501854,0.03520030685616125,0.010845772626865674,0.7582384668822271,45.06016268656717,169.1262641102614,0.3372539087959505,0.9761194029850746,NORMAL,0,3939,LOCAL_VIDEO_EMBEDDED_RED_TEXT_ONSET,VALIDATION
SEQ_06,SCENE_02,Indoor,ZONE_A,2,2.0,3577,3636,42,60,0.7,4,1.4761904761904763,2,0.010485836290322579,0.01615768,0.28647319354838713,57,0.0022653962903225796,27.18474677419355,0.06796187322580645,0.29050032,0.06292760786586947,0.12592905370967744,1.5216451693349065,41.64641612903226,148.6160617529883,0.34168771866972797,0.9193548387096774,NORMAL,0,3939,LOCAL_VIDEO_EMBEDDED_RED_TEXT_ONSET,VALIDATION
SEQ_06,SCENE_02,Indoor,ZONE_B,2,2.0,3577,3636,60,60,1.0,9,6.466666666666667,8,0.009485135206185567,0.01298046,0.436728587628866,384,0.0009591794329896907,11.510156701030928,0.028775390541237112,0.23770301,0.02479682725035916,-0.00937983525773196,0.7345344854450118,45.7406087628866,78.5920986497858,0.10980432042509432,0.9896907216494846,NORMAL,0,3939,LOCAL_VIDEO_EMBEDDED_RED_TEXT_ONSET,VALIDATION
SEQ_06,SCENE_02,Indoor,ZONE_A,3,2.0,3637,3696,60,60,1.0,4,1.4666666666666666,3,0.011188191022727272,0.01367331,0.44179836363636366,85,0.0011770492045454545,14.124589772727273,0.035311477499999994,0.24154755,0.033251154643131504,0.06378824090909092,0.6674984702648918,34.30572386363636,107.18257625918707,0.6571640561838819,0.9659090909090909,NORMAL,0,3939,LOCAL_VIDEO_EMBEDDED_RED_TEXT_ONSET,VALIDATION
SEQ_06,SCENE_02,Indoor,ZONE_B,3,2.0,3637,3696,60,60,1.0,7,6.033333333333333,7,0.009577595027624309,0.01480907,0.4471175773480663,362,0.0006345647790055249,7.614781491712708,0.01903694961325967,0.1110646,0.01841462528393204,-0.0006892149723756891,0.40947386517129963,59.573677071823205,356.8606253622199,0.18813480801788485,1.0,NORMAL,0,3939,LOCAL_VIDEO_EMBEDDED_RED_TEXT_ONSET,VALIDATION
SEQ_06,SCENE_02,Indoor,ZONE_A,4,2.0,3697,3756,60,60,1.0,4,2.066666666666667,3,0.009889890161290323,0.01428701,0.3225354758064516,122,0.0007700940322580644,9.241132258064516,0.023102819838709678,0.0853877,0.01652542906228146,0.018768704596774183,0.5128002189134225,54.612460483870976,66.60390954832071,0.23648528296825097,0.9838709677419355,NORMAL,0,3939,LOCAL_VIDEO_EMBEDDED_RED_TEXT_ONSET,VALIDATION
SEQ_06,SCENE_02,Indoor,ZONE_B,4,2.0,3697,3756,60,60,1.0,8,6.083333333333333,7,0.009066761726027397,0.01251389,0.45218198356164385,363,0.00044404367123287666,5.3285210958904115,0.013321308465753424,0.10996556,0.01376639903718854,-0.0016817996164383566,0.37767598872903496,67.85858109589041,13.945487305375895,0.08519702850246437,0.9945205479452055,NORMAL,0,3939,LOCAL_VIDEO_EMBEDDED_RED_TEXT_ONSET,VALIDATION
SEQ_06,SCENE_02,Indoor,ZONE_A,5,2.0,3757,3816,60,60,1.0,3,2.1666666666666665,3,0.011744560153846154,0.01468883,0.47666314615384614,128,0.0007735261538461538,9.282314615384616,0.023205784,0.07906905,0.01519686849114512,-0.0019985850769230875,0.48967863873261974,50.015661538461536,315.15319957141577,0.3575135250859782,0.9846153846153847,NORMAL,0,3939,LOCAL_VIDEO_EMBEDDED_RED_TEXT_ONSET,VALIDATION
SEQ_06,SCENE_02,Indoor,ZONE_B,5,2.0,3757,3816,60,60,1.0,6,5.316666666666666,6,0.010065063479623824,0.01363807,0.5746927993730407,318,0.00035879344827586206,4.305521630094044,0.010763802068965517,0.04475272,0.008126324600010561,-0.0040553161442006295,0.26272313386836066,68.90044639498433,298.2569206332732,0.01575719642342089,0.9968652037617555,NORMAL,0,3939,LOCAL_VIDEO_EMBEDDED_RED_TEXT_ONSET,VALIDATION
SEQ_06,SCENE_02,Indoor,ZONE_A,6,2.0,3817,3876,60,60,1.0,3,2.3666666666666667,3,0.011950065422535211,0.02016359,0.4090456267605634,137,0.0009693961267605632,11.632751408450703,0.029081879295774642,0.41404958,0.05200999789529999,0.03795396274647885,1.291966721686217,65.40165704225352,205.2318539095281,0.21506846526496845,0.9647887323943662,NORMAL,0,3939,LOCAL_VIDEO_EMBEDDED_RED_TEXT_ONSET,VALIDATION
SEQ_06,SCENE_02,Indoor,ZONE_B,6,2.0,3817,3876,60,60,1.0,7,6.0,7,0.009603793555555556,0.0140585,0.523885763888889,358,0.00043531861111111106,5.223821388888888,0.013059553555555554,0.12064535,0.014729538042868867,0.0005264751666666598,0.41504045107977794,64.20892472222222,227.5896783236053,0.038640117134448246,0.9944444444444445,NORMAL,0,3939,LOCAL_VIDEO_EMBEDDED_RED_TEXT_ONSET,VALIDATION
SEQ_06,SCENE_02,Indoor,ZONE_A,7,2.0,3877,3936,59,60,0.9833333333333333,3,2.1864406779661016,3,0.00938099062015504,0.01389603,0.33217820930232556,127,0.0013798153488372093,16.557786821705424,0.04139446372093023,0.22419184,0.040164458280064694,0.06546017751937984,0.7580027425343248,46.73118682170542,126.28109728228708,0.4363801023448356,0.9844961240310077,NORMAL,0,3939,LOCAL_VIDEO_EMBEDDED_RED_TEXT_ONSET,VALIDATION
SEQ_06,SCENE_02,Indoor,ZONE_B,7,2.0,3877,3936,60,60,1.0,13,4.633333333333334,7,0.009357860575539566,0.01886958,0.46235937050359716,269,0.0011323305035971223,13.58796870503597,0.03396992258992805,0.24947245,0.03909982460962385,0.02598799384892087,0.8350405312431782,45.45452482014388,61.187657780748935,0.2798270493451163,0.9676258992805755,NORMAL,0,3939,LOCAL_VIDEO_EMBEDDED_RED_TEXT_ONSET,VALIDATION
SEQ_06,SCENE_02,Indoor,ZONE_A,9,2.0,3997,3997,1,60,0.016666666666666666,1,1.0,1,0.01032625,0.01032625,0.20066,1,0.00233554,28.0265,0.07006618,0.07006618,0.0,0.46989114,0.0,27.009,109.42556500103915,1.0000000043034256,1.0,ABNORMAL,1,3939,LOCAL_VIDEO_EMBEDDED_RED_TEXT_ONSET,VALIDATION
SEQ_06,SCENE_02,Indoor,ZONE_B,9,2.0,3997,3997,1,60,0.016666666666666666,1,1.0,1,0.00188099,0.00188099,0.40584,1,0.00243246,29.1895,0.0729737,0.0729737,0.0,0.43906951,0.0,21.2992,107.31719956033852,1.0000000022706903,1.0,ABNORMAL,1,3939,LOCAL_VIDEO_EMBEDDED_RED_TEXT_ONSET,VALIDATION
SEQ_07,SCENE_02,Indoor,ZONE_A,0,2.0,4036,4095,60,60,1.0,5,2.3,3,0.009267707391304348,0.01816036,0.35047755072463765,129,0.0009846246376811595,11.815498550724636,0.029538747536231886,0.50674539,0.05033111344621644,0.004804401521739127,1.7263304365585885,52.332692028985505,137.02943973518884,0.17169412804659745,0.9347826086956522,NORMAL,0,4808,LOCAL_VIDEO_EMBEDDED_RED_TEXT_ONSET,TRAIN
SEQ_07,SCENE_02,Indoor,ZONE_B,0,2.0,4036,4095,60,60,1.0,10,6.233333333333333,8,0.007792600213903744,0.01383724,0.43516237433155075,364,0.0007465862032085561,8.959032887700534,0.022397577780748665,0.1351616,0.02208531259423845,-0.002932088181818179,0.5320585158405015,54.06768743315508,6.309860954642157,0.09567365587252695,0.9732620320855615,NORMAL,0,4808,LOCAL_VIDEO_EMBEDDED_RED_TEXT_ONSET,TRAIN
SEQ_07,SCENE_02,Indoor,ZONE_C,0,2.0,4049,4073,14,60,0.23333333333333334,3,1.0,1,0.00445405,0.00731383,0.313778,12,0.0010860778571428569,13.032914285714286,0.032582309999999996,0.09610135,0.030580627793716307,-0.022230430714285716,0.6154147040749147,23.025485714285715,14.320046409168699,0.6881955386783515,0.8571428571428571,NORMAL,0,4808,LOCAL_VIDEO_EMBEDDED_RED_TEXT_ONSET,TRAIN
SEQ_07,SCENE_02,Indoor,ZONE_A,1,2.0,4096,4155,60,60,1.0,3,1.6833333333333333,3,0.00957319099009901,0.01527736,0.3284382178217822,99,0.0007452494059405939,8.942987128712872,0.022357485841584156,0.0546136,0.01226259009492154,0.016799419999999992,0.3713013639643291,37.428348514851486,58.44855678647861,0.2672886437200286,0.9801980198019802,NORMAL,0,4808,LOCAL_VIDEO_EMBEDDED_RED_TEXT_ONSET,TRAIN
SEQ_07,SCENE_02,Indoor,ZONE_B,1,2.0,4096,4155,60,60,1.0,9,5.383333333333334,7,0.00773762811145511,0.01404876,0.3670074024767802,319,0.0007153194736842105,8.583831578947366,0.021459584179566563,0.46230602,0.02982893785837156,0.029920889907120732,0.8432998881561801,58.910000309597514,7.041668820583,0.19844216441086232,0.9876160990712074,NORMAL,0,4808,LOCAL_VIDEO_EMBEDDED_RED_TEXT_ONSET,TRAIN
SEQ_07,SCENE_02,Indoor,ZONE_A,2,2.0,4156,4215,60,60,1.0,4,1.7166666666666666,2,0.009328077572815535,0.01427725,0.3750502524271844,98,0.0019135581553398058,22.962700970873787,0.057406748737864076,0.21396981,0.038906544085824224,0.04524048747572813,0.9427013585935594,25.784229126213596,340.7467116620152,0.6909791793609317,0.9514563106796117,NORMAL,0,4808,LOCAL_VIDEO_EMBEDDED_RED_TEXT_ONSET,TRAIN
SEQ_07,SCENE_02,Indoor,ZONE_B,2,2.0,4156,4215,60,60,1.0,10,6.116666666666666,8,0.008675124577656675,0.01466408,0.4406558092643052,359,0.0010609186648501362,12.731022070844684,0.03182755855585832,0.21329737,0.033718293737213245,0.020781269264305173,0.7751237810885799,54.265703814713895,17.060218073161675,0.24550505294483355,0.9782016348773842,NORMAL,0,4808,LOCAL_VIDEO_EMBEDDED_RED_TEXT_ONSET,TRAIN
SEQ_07,SCENE_02,Indoor,ZONE_A,3,2.0,4216,4275,47,60,0.7833333333333333,3,1.297872340425532,2,0.010317144262295084,0.01546929,0.28362381967213113,58,0.0015171460655737706,18.205755737704916,0.04551438147540982,0.15196152,0.042328501484485845,-0.07124116426229506,1.0680843397748851,47.39427704918033,337.0748378388753,0.5544238243318546,0.9508196721311475,NORMAL,0,4808,LOCAL_VIDEO_EMBEDDED_RED_TEXT_ONSET,TRAIN
SEQ_07,SCENE_02,Indoor,ZONE_B,3,2.0,4216,4275,60,60,1.0,9,5.6,7,0.009777876994047618,0.02359946,0.44552304464285714,335,0.0014545376785714288,17.454451190476192,0.04363613104166667,0.52628925,0.05011667045060393,7.268160714285223e-05,1.4808247633582505,44.95198333333333,355.34084682162757,0.4367040451251576,0.9970238095238095,NORMAL,0,4808,LOCAL_VIDEO_EMBEDDED_RED_TEXT_ONSET,TRAIN
SEQ_07,SCENE_02,Indoor,ZONE_A,4,2.0,4276,4335,49,60,0.8166666666666667,4,1.5510204081632653,3,0.012510830263157895,0.01714031,0.39480277631578947,70,0.0018425869736842105,22.111043421052635,0.055277605,0.19308449,0.047227562701894765,0.0009616640789473686,1.0696948582638586,45.360089473684205,355.69369977595426,0.4036107425096088,0.9210526315789473,NORMAL,0,4808,LOCAL_VIDEO_EMBEDDED_RED_TEXT_ONSET,TRAIN
SEQ_07,SCENE_02,Indoor,ZONE_B,4,2.0,4276,4335,60,60,1.0,7,4.166666666666667,5,0.00884772692,0.01748732,0.452901444,246,0.00113515592,13.621866,0.034054670880000006,0.23624482,0.03511441813683017,-0.01970017555999999,0.8480507419801023,51.7508892,315.20787903995546,0.19438937622185423,0.984,NORMAL,0,4808,LOCAL_VIDEO_EMBEDDED_RED_TEXT_ONSET,TRAIN
SEQ_07,SCENE_02,Indoor,ZONE_A,5,2.0,4336,4395,60,60,1.0,7,2.8833333333333333,4,0.009026011387283237,0.01524951,0.37853282080924855,166,0.0009506109248554913,11.40733352601156,0.02851833161849711,0.29826347,0.033566615777225674,0.04836006878612715,0.8609137249596791,60.00543179190751,353.16727206113956,0.2620453595022556,0.9595375722543352,NORMAL,0,4808,LOCAL_VIDEO_EMBEDDED_RED_TEXT_ONSET,TRAIN
SEQ_07,SCENE_02,Indoor,ZONE_B,5,2.0,4336,4395,60,60,1.0,10,5.4,8,0.007927852777777777,0.0144875,0.4826381604938272,319,0.0013952658333333335,16.743189814814816,0.041857976728395065,0.52612685,0.04256193620880106,0.010478722407407402,1.3870723774519096,39.931350308641974,335.100234473679,0.41429161497509165,0.9845679012345679,NORMAL,0,4808,LOCAL_VIDEO_EMBEDDED_RED_TEXT_ONSET,TRAIN
SEQ_07,SCENE_02,Indoor,ZONE_C,5,2.0,4337,4353,16,60,0.26666666666666666,1,1.0,1,0.01277426,0.01346406,0.459754625,15,0.001926160625,23.11390625,0.057784791875,0.10769306,0.03216403971797021,-0.08942386625000001,0.6548319489514798,18.806706249999998,5.187899199707216,0.7759296920960955,0.9375,NORMAL,0,4808,LOCAL_VIDEO_EMBEDDED_RED_TEXT_ONSET,TRAIN
SEQ_07,SCENE_02,Indoor,ZONE_A,6,2.0,4396,4455,60,60,1.0,5,3.033333333333333,4,0.009231326373626373,0.01259962,0.39271762637362634,178,0.0009491883516483517,11.390257142857143,0.028475647307692302,0.21658874,0.030970915472676372,0.03818862829670329,0.9841520206083633,69.54461208791209,83.2382877465864,0.044762757121612165,0.978021978021978,NORMAL,0,4808,LOCAL_VIDEO_EMBEDDED_RED_TEXT_ONSET,TRAIN
SEQ_07,SCENE_02,Indoor,ZONE_B,6,2.0,4396,4455,60,60,1.0,10,5.483333333333333,7,0.008825998389057751,0.02748906,0.5250298237082067,317,0.0015567367781155013,18.680840729483283,0.04670209726443769,0.44428751,0.05015627914605132,0.06522069714285716,1.2344004922847374,39.87995835866261,1.8962331294152732,0.2593511404131601,0.9635258358662614,NORMAL,0,4808,LOCAL_VIDEO_EMBEDDED_RED_TEXT_ONSET,TRAIN
SEQ_07,SCENE_02,Indoor,ZONE_C,6,2.0,4446,4455,9,60,0.15,1,1.0,1,0.00275654,0.00281754,0.2184432222222222,7,0.0005297122222222222,6.3565555555555555,0.01589136,0.0520524,0.017603675157430432,0.11822451222222223,0.3500929698044438,39.44358888888889,163.69964219472254,0.42954181516843815,0.7777777777777778,NORMAL,0,4808,LOCAL_VIDEO_EMBEDDED_RED_TEXT_ONSET,TRAIN
SEQ_07,SCENE_02,Indoor,ZONE_A,7,2.0,4456,4515,58,60,0.9666666666666667,4,1.6551724137931034,3,0.010451918541666667,0.01692715,0.3865596458333333,91,0.0019534848958333334,23.441816666666664,0.058604544791666664,0.24463627,0.04343475403785375,-0.01520808833333335,1.289673456827162,43.16675416666667,47.987396644669616,0.5511692720139963,0.9479166666666666,NORMAL,0,4808,LOCAL_VIDEO_EMBEDDED_RED_TEXT_ONSET,TRAIN
SEQ_07,SCENE_02,Indoor,ZONE_B,7,2.0,4456,4515,60,60,1.0,11,5.133333333333334,7,0.009811944837662337,0.01678895,0.44554516883116885,299,0.0012365427597402598,14.838508766233765,0.03709627467532468,0.40293657,0.048577391792683784,-0.003488642857142868,1.4442448043443799,45.42213311688312,249.91077360884123,0.10103924841295514,0.9707792207792207,NORMAL,0,4808,LOCAL_VIDEO_EMBEDDED_RED_TEXT_ONSET,TRAIN
SEQ_07,SCENE_02,Indoor,ZONE_C,7,2.0,4474,4474,1,60,0.016666666666666666,1,1.0,1,0.00881543,0.00881543,0.330255,1,0.00752926,90.3512,0.22587792,0.22587792,0.0,0.0,0.0,0.0,352.4965228920059,1.0000000017073065,1.0,NORMAL,0,4808,LOCAL_VIDEO_EMBEDDED_RED_TEXT_ONSET,TRAIN
SEQ_07,SCENE_02,Indoor,ZONE_A,8,2.0,4516,4575,60,60,1.0,2,1.25,2,0.0110454024,0.0132914,0.4048341733333333,74,0.0021548722666666666,25.858466666666665,0.06464616493333333,0.19304013,0.0437581018821802,0.030204064400000008,0.9119576848872517,34.550008000000005,142.48704186721923,0.7337080595332638,0.9866666666666667,NORMAL,0,4808,LOCAL_VIDEO_EMBEDDED_RED_TEXT_ONSET,TRAIN
SEQ_07,SCENE_02,Indoor,ZONE_B,8,2.0,4516,4575,60,60,1.0,14,5.95,9,0.00967552756302521,0.01917955,0.35491081232493,342,0.001495508319327731,17.946099719887954,0.044865248767507,0.4835265,0.05542506573699461,0.06779988330532212,1.476529053015828,46.68799831932774,180.16084452369643,0.1305789223444042,0.957983193277311,NORMAL,0,4808,LOCAL_VIDEO_EMBEDDED_RED_TEXT_ONSET,TRAIN
SEQ_07,SCENE_02,Indoor,ZONE_A,9,2.0,4576,4635,59,60,0.9833333333333333,3,1.6271186440677967,2,0.009328903333333334,0.01327566,0.3410212187500001,93,0.0010987179166666668,13.184613541666666,0.03296153604166667,0.32029252,0.04144322736681601,-0.003050641354166666,1.0262804969461925,44.008857291666665,162.2523723069551,0.3388989989004179,0.96875,NORMAL,0,4808,LOCAL_VIDEO_EMBEDDED_RED_TEXT_ONSET,TRAIN
SEQ_07,SCENE_02,Indoor,ZONE_B,9,2.0,4576,4635,60,60,1.0,10,6.766666666666667,8,0.009672410714285715,0.01626101,0.4313416921182266,402,0.001172830935960591,14.073972167487684,0.0351849313546798,0.20070966,0.029606762768525998,0.0036602776847290686,0.8073665217945685,50.694022906403944,252.14526727606244,0.23810188184075037,0.9901477832512315,NORMAL,0,4808,LOCAL_VIDEO_EMBEDDED_RED_TEXT_ONSET,TRAIN
SEQ_07,SCENE_02,Indoor,ZONE_A,10,2.0,4636,4695,60,60,1.0,4,2.433333333333333,3,0.008035986917808218,0.0116318,0.3855575547945206,145,0.0006878575342465755,8.254284931506849,0.020635721369863014,0.20292978,0.030702752155976062,0.019308772945205478,0.6734751641689882,71.74212876712329,87.47352801891223,0.1945544644435684,0.9931506849315068,NORMAL,0,4808,LOCAL_VIDEO_EMBEDDED_RED_TEXT_ONSET,TRAIN
SEQ_07,SCENE_02,Indoor,ZONE_B,10,2.0,4636,4695,60,60,1.0,11,6.683333333333334,8,0.009926592618453864,0.02622526,0.49148886533665836,392,0.001429693067331671,17.156319451371573,0.04289079885286783,0.48360095,0.055871189287099624,0.03544103221945137,1.5594788213863433,46.45891346633417,136.91233726845158,0.0442853332391297,0.9775561097256857,NORMAL,0,4808,LOCAL_VIDEO_EMBEDDED_RED_TEXT_ONSET,TRAIN
SEQ_07,SCENE_02,Indoor,ZONE_A,11,2.0,4696,4755,60,60,1.0,4,3.0166666666666666,4,0.00798935685082873,0.01395361,0.2698845303867403,178,0.0007890425414364642,9.46851270718232,0.023671277955801102,0.18007538,0.028028966101055236,-0.009277376685082876,0.6417693498786148,62.24753812154697,167.45811222505648,0.24439628261903848,0.9834254143646409,NORMAL,0,4808,LOCAL_VIDEO_EMBEDDED_RED_TEXT_ONSET,TRAIN
SEQ_07,SCENE_02,Indoor,ZONE_B,11,2.0,4696,4755,60,60,1.0,8,5.966666666666667,7,0.009015050279329608,0.0157573,0.44260570111731845,356,0.0008161794972067039,9.79415502793296,0.024485389273743018,0.11674442,0.020881340463069834,0.0020288571787709466,0.4764356737324257,53.84556620111732,284.6216102700114,0.1514932050592229,0.994413407821229,NORMAL,0,4808,LOCAL_VIDEO_EMBEDDED_RED_TEXT_ONSET,TRAIN
SEQ_07,SCENE_02,Indoor,ZONE_A,13,2.0,4816,4875,56,60,0.9333333333333333,7,2.0357142857142856,4,0.008739188947368422,0.01875772,0.4424759385964912,100,0.003609603684210526,43.31524035087719,0.10828810614035089,0.52636422,0.09099920924621074,0.3085734145614034,1.9595200760544573,13.578562280701753,200.72571866548446,0.4775234213544843,0.8771929824561403,ABNORMAL,1,4808,LOCAL_VIDEO_EMBEDDED_RED_TEXT_ONSET,TRAIN
SEQ_07,SCENE_02,Indoor,ZONE_B,13,2.0,4816,4875,59,60,0.9833333333333333,8,3.0847457627118646,5,0.009741895054945056,0.0150482,0.5305589230769231,170,0.0033070293406593405,39.684357142857145,0.09921087934065935,0.28161417,0.062290151213374265,0.012634545329670331,1.61399749436298,24.818166483516485,3.824411067920874,0.39860613330072425,0.9340659340659341,ABNORMAL,1,4808,LOCAL_VIDEO_EMBEDDED_RED_TEXT_ONSET,TRAIN
SEQ_07,SCENE_02,Indoor,ZONE_C,13,2.0,4848,4863,16,60,0.26666666666666666,1,1.0,1,0.015962399375,0.01859991,0.6070298125,15,0.003179489375,38.153875,0.09538467750000001,0.36772249,0.07984557604414462,0.41390876875,2.395961288154238,39.747462500000005,283.54190628823244,0.42835996756270933,0.9375,ABNORMAL,1,4808,LOCAL_VIDEO_EMBEDDED_RED_TEXT_ONSET,TRAIN
SEQ_07,SCENE_02,Indoor,ZONE_A,14,2.0,4876,4876,1,60,0.016666666666666666,1,1.0,1,0.00570098,0.00570098,0.291708,1,0.00070546,8.4656,0.02116394,0.02116394,0.0,-0.21230136,0.0,15.0532,234.4162673161203,0.9999999955802841,1.0,ABNORMAL,1,4808,LOCAL_VIDEO_EMBEDDED_RED_TEXT_ONSET,TRAIN
SEQ_07,SCENE_02,Indoor,ZONE_B,14,2.0,4876,4929,52,60,0.8666666666666667,1,1.0,1,0.003097259615384616,0.00370794,0.5931492692307693,51,0.0019091457692307693,22.909751923076918,0.05727439134615385,0.14394311,0.023756280512866736,-0.030530354423076937,0.8308897444802654,28.861169230769228,335.25442897423704,0.8299814384922009,0.9807692307692307,ABNORMAL,1,4808,LOCAL_VIDEO_EMBEDDED_RED_TEXT_ONSET,TRAIN
SEQ_07,SCENE_02,Indoor,ZONE_C,14,2.0,4877,4877,1,60,0.016666666666666666,1,1.0,1,0.00375756,0.00375756,0.405918,0,0.0,0.0,0.0,0.0,0.0,0.0,0.0,0.0,0.0,0.0,0.0,ABNORMAL,1,4808,LOCAL_VIDEO_EMBEDDED_RED_TEXT_ONSET,TRAIN
SEQ_08,SCENE_02,Indoor,ZONE_A,0,2.0,4931,4990,60,60,1.0,2,1.2,2,0.01085102486111111,0.01288126,0.5218821527777777,68,0.0016153683333333332,19.384425,0.04846105263888889,0.15794392,0.033186758824051685,-0.006510830972222221,1.0438723417777351,32.209095833333336,231.06279939911616,0.6975689455774942,0.9444444444444444,NORMAL,0,5423,LOCAL_VIDEO_EMBEDDED_RED_TEXT_ONSET,TEST
SEQ_08,SCENE_02,Indoor,ZONE_B,0,2.0,4931,4990,60,60,1.0,10,7.833333333333333,9,0.008916005276595746,0.0190756,0.45177294468085105,460,0.0008918121702127659,10.70174744680851,0.02675436829787234,0.28968649,0.0291970521512806,-0.0031597855106383008,0.67394189564528,45.34108808510638,201.08001048688277,0.15493700008256767,0.9787234042553191,NORMAL,0,5423,LOCAL_VIDEO_EMBEDDED_RED_TEXT_ONSET,TEST
SEQ_08,SCENE_02,Indoor,ZONE_A,1,2.0,4991,5050,60,60,1.0,9,2.7333333333333334,5,0.009928525304878049,0.01745222,0.39961660365853663,157,0.0011463935975609756,13.756723780487807,0.03439180951219512,0.20502193,0.0285371961114906,0.011628184878048783,0.919194175200494,45.70513292682927,242.30509393349428,0.3576867136867971,0.9573170731707317,NORMAL,0,5423,LOCAL_VIDEO_EMBEDDED_RED_TEXT_ONSET,TEST
SEQ_08,SCENE_02,Indoor,ZONE_B,1,2.0,4991,5050,60,60,1.0,7,5.0,7,0.008835173233333334,0.01313409,0.48460623999999997,298,0.0010578042666666667,12.693646333333334,0.031734122000000003,0.20851882,0.028397512904476733,-0.004207981899999981,0.7971187384289333,52.30417033333333,140.61905063100443,0.05116046662755431,0.9933333333333333,NORMAL,0,5423,LOCAL_VIDEO_EMBEDDED_RED_TEXT_ONSET,TEST
SEQ_08,SCENE_02,Indoor,ZONE_A,2,2.0,5051,5110,60,60,1.0,9,3.6333333333333333,5,0.0115678423853211,0.01539993,0.43889246330275233,210,0.001740959128440367,20.891506880733946,0.052228770458715594,0.24024054,0.03505957991455626,0.029307749220183515,0.909245332106712,40.572059174311924,352.7056406216551,0.13747001885036136,0.963302752293578,NORMAL,0,5423,LOCAL_VIDEO_EMBEDDED_RED_TEXT_ONSET,TEST
SEQ_08,SCENE_02,Indoor,ZONE_B,2,2.0,5051,5110,60,60,1.0,5,3.6166666666666667,4,0.009052930092165899,0.01210564,0.5247524193548387,216,0.0005460007834101382,6.552006451612903,0.01638002548387097,0.08241117,0.014077543650610144,-0.004251264377880185,0.3779390566939853,57.85497834101382,317.91194198573055,0.260899054543663,0.9953917050691244,NORMAL,0,5423,LOCAL_VIDEO_EMBEDDED_RED_TEXT_ONSET,TEST
SEQ_08,SCENE_02,Indoor,ZONE_A,3,2.0,5111,5170,60,60,1.0,6,2.1666666666666665,5,0.010449317153846156,0.01399951,0.47581488461538457,128,0.0013400353846153845,16.080423076923076,0.040201060153846155,0.40365519,0.041230626831619745,-0.023567954307692318,1.4016225619086062,46.42273538461538,59.600187363278934,0.3563096516301489,0.9846153846153847,NORMAL,0,5423,LOCAL_VIDEO_EMBEDDED_RED_TEXT_ONSET,TEST
SEQ_08,SCENE_02,Indoor,ZONE_B,3,2.0,5111,5170,60,60,1.0,8,5.0,6,0.010112925666666666,0.01518098,0.5106978166666666,298,0.0010658319,12.789982333333334,0.03197495783333333,0.45187051,0.04329693343356538,0.021764016133333335,1.3512467545778502,45.35806566666666,329.8313263552258,0.32403910514032974,0.9933333333333333,NORMAL,0,5423,LOCAL_VIDEO_EMBEDDED_RED_TEXT_ONSET,TEST
SEQ_08,SCENE_02,Indoor,ZONE_A,4,2.0,5171,5230,60,60,1.0,2,1.7333333333333334,2,0.009479824326923077,0.01282551,0.4922211153846154,103,0.0007921317307692308,9.50558076923077,0.023763953365384616,0.10293109,0.02108471821172649,0.004966204711538454,0.4904932067730265,51.516544230769235,144.87782735303912,0.35901405639880346,0.9903846153846154,NORMAL,0,5423,LOCAL_VIDEO_EMBEDDED_RED_TEXT_ONSET,TEST
SEQ_08,SCENE_02,Indoor,ZONE_B,4,2.0,5171,5230,60,60,1.0,10,7.25,8,0.009362327655172413,0.01416219,0.4689872114942529,429,0.0009459076551724138,11.350892643678161,0.028377230367816093,0.26280766,0.02959771925442751,-0.0022876657241379275,0.7296444568987571,51.391440459770116,325.8351756854096,0.16790338392276283,0.9862068965517241,NORMAL,0,5423,LOCAL_VIDEO_EMBEDDED_RED_TEXT_ONSET,TEST
SEQ_08,SCENE_02,Indoor,ZONE_A,5,2.0,5231,5290,60,60,1.0,4,2.9833333333333334,4,0.008947840837988828,0.01391353,0.42533459217877084,177,0.0005780397765363128,6.936481564245811,0.017341203966480447,0.11174203,0.016728038300159922,0.0049241196089385405,0.46247577959258157,64.16198715083799,196.88550231395277,0.18269319230855235,0.9888268156424581,NORMAL,0,5423,LOCAL_VIDEO_EMBEDDED_RED_TEXT_ONSET,TEST
SEQ_08,SCENE_02,Indoor,ZONE_B,5,2.0,5231,5290,60,60,1.0,8,6.1,7,0.009181886584699454,0.01647464,0.4818295956284153,362,0.0009726460109289616,11.671750273224044,0.029179380273224042,0.14923261,0.028120628119501955,-0.00026974196721311623,0.6828903906378184,48.09611092896174,258.10051982352337,0.2643910916896686,0.9890710382513661,NORMAL,0,5423,LOCAL_VIDEO_EMBEDDED_RED_TEXT_ONSET,TEST
SEQ_08,SCENE_02,Indoor,ZONE_A,6,2.0,5291,5350,60,60,1.0,4,3.466666666666667,4,0.00912345658653846,0.01268827,0.40502381249999997,208,0.0007987796634615385,9.585362019230768,0.02396340043269231,0.0919665,0.01952118725711582,-0.003537176250000009,0.549069927365471,54.74870961538461,294.43987502893515,0.2764675608007366,1.0,NORMAL,0,5423,LOCAL_VIDEO_EMBEDDED_RED_TEXT_ONSET,TEST
SEQ_08,SCENE_02,Indoor,ZONE_B,6,2.0,5291,5350,60,60,1.0,9,6.15,8,0.0081084981300813,0.01447461,0.4178218401084011,366,0.0007556761246612467,9.0681135501355,0.022670280379403794,0.15128484,0.022937774176316417,0.013403024444444444,0.6180325527892514,48.99073387533876,316.5327418902836,0.3109110471255229,0.991869918699187,NORMAL,0,5423,LOCAL_VIDEO_EMBEDDED_RED_TEXT_ONSET,TEST
SEQ_08,SCENE_02,Indoor,ZONE_A,7,2.0,5351,5410,60,60,1.0,4,2.75,3,0.009395038909090908,0.01379117,0.4460725757575758,164,0.0013411353333333334,16.09362727272727,0.04023406242424243,0.20993777,0.03928962955140125,0.011328392424242412,0.8487371097736613,52.94051636363636,51.4703422898532,0.2308015081336106,0.9939393939393939,NORMAL,0,5423,LOCAL_VIDEO_EMBEDDED_RED_TEXT_ONSET,TEST
SEQ_08,SCENE_02,Indoor,ZONE_B,7,2.0,5351,5410,60,60,1.0,11,6.4,7,0.007621123541666667,0.01487826,0.4133562682291667,379,0.0011035261718750002,13.242312760416667,0.033105783828125,0.18702774,0.032611760964215794,0.02293904622395834,0.7731032825626118,52.38199010416667,322.4871015928709,0.15227883070168732,0.9869791666666666,NORMAL,0,5423,LOCAL_VIDEO_EMBEDDED_RED_TEXT_ONSET,TEST
SEQ_08,SCENE_02,Indoor,ZONE_C,7,2.0,5409,5410,2,60,0.03333333333333333,1,1.0,1,0.01223116,0.01232605,0.348959,2,0.00568253,68.19035,0.170475785,0.1899839,0.019508115000000006,1.283517295,0.11303040499999994,7.891,10.818473087033789,0.9941664796842419,1.0,NORMAL,0,5423,LOCAL_VIDEO_EMBEDDED_RED_TEXT_ONSET,TEST
SEQ_08,SCENE_02,Indoor,ZONE_A,9,2.0,5471,5496,22,60,0.36666666666666664,3,1.1363636363636365,2,0.012530750000000002,0.01543563,0.5586666800000001,21,0.004624604399999999,55.49526,0.1387381344,0.40754373,0.10655124931130296,-0.3286173579999999,2.6038538181134667,13.046695999999999,186.28304916232455,0.7603319601247444,0.84,ABNORMAL,1,5423,LOCAL_VIDEO_EMBEDDED_RED_TEXT_ONSET,TEST
SEQ_08,SCENE_02,Indoor,ZONE_B,9,2.0,5471,5530,60,60,1.0,5,2.216666666666667,4,0.0032784705263157895,0.00504267,0.520358992481203,131,0.0014561593984962406,17.473913533834587,0.04368478744360903,0.14595892,0.025485445204071693,0.010185484962406018,0.6763978006088923,38.18045939849624,282.5218375483985,0.4607538755228341,0.9849624060150376,ABNORMAL,1,5423,LOCAL_VIDEO_EMBEDDED_RED_TEXT_ONSET,TEST
SEQ_08,SCENE_02,Indoor,ZONE_B,10,2.0,5531,5590,60,60,1.0,1,1.0,1,0.0035742745000000003,0.00581003,0.46480818333333335,60,0.0011700541666666668,14.040641666666666,0.03510160266666666,0.0820892,0.017882844392129834,0.002216430499999996,0.7286516753554522,40.618758333333325,178.88709695779795,0.6752317835312306,1.0,ABNORMAL,1,5423,LOCAL_VIDEO_EMBEDDED_RED_TEXT_ONSET,TEST
SEQ_08,SCENE_02,Indoor,ZONE_B,11,2.0,5591,5596,6,60,0.1,1,1.0,1,0.005497688333333333,0.00592327,0.3863535,6,0.0011520450000000002,13.82455,0.034561365,0.05780409,0.019026722563392037,0.07978840166666666,0.5689745445165056,40.32398333333333,251.17116168889453,0.4085146769193722,1.0,ABNORMAL,1,5423,LOCAL_VIDEO_EMBEDDED_RED_TEXT_ONSET,TEST
SEQ_09,SCENE_03,Outdoor_Plaza,ZONE_A,0,2.0,5598,5657,60,60,1.0,4,3.15,4,0.00959325417989418,0.01928816,0.41361837566137566,185,0.0016108748677248679,19.330495767195767,0.04832623915343916,0.35450269,0.045610187692470494,-0.05096348735449733,1.3146441939852131,35.43306984126984,202.9607429029868,0.3750507177090863,0.9788359788359788,NORMAL,0,6196,LOCAL_VIDEO_EMBEDDED_RED_TEXT_ONSET,TRAIN
SEQ_09,SCENE_03,Outdoor_Plaza,ZONE_B,0,2.0,5598,5657,60,60,1.0,7,4.966666666666667,6,0.00975349932885906,0.01631049,0.44225734899328856,291,0.0018056875167785237,21.66825033557047,0.05417062577181208,0.20455494,0.037354181082386834,0.0030740531208053716,1.2051852921843704,42.86359832214765,174.0117954582966,0.4460965657922304,0.9765100671140939,NORMAL,0,6196,LOCAL_VIDEO_EMBEDDED_RED_TEXT_ONSET,TRAIN
SEQ_09,SCENE_03,Outdoor_Plaza,ZONE_C,0,2.0,5598,5657,60,60,1.0,4,1.6,2,0.011559639166666668,0.01664773,0.45352037500000003,91,0.0014417717708333333,17.301268750000002,0.043253162604166666,0.21713971,0.03642251323734125,0.04893820437499999,1.0499341338401296,45.693294791666666,164.73825897436575,0.4084887011627174,0.9479166666666666,NORMAL,0,6196,LOCAL_VIDEO_EMBEDDED_RED_TEXT_ONSET,TRAIN
SEQ_09,SCENE_03,Outdoor_Plaza,ZONE_A,1,2.0,5658,5717,60,60,1.0,9,4.85,6,0.011535480824742268,0.02040995,0.3181563333333334,281,0.001660290824742268,19.92349003436426,0.04980872233676975,0.24297181,0.04022718263403316,0.04101346594501718,1.2395769227124407,43.51300378006873,189.03542722274173,0.07918561803645888,0.9656357388316151,NORMAL,0,6196,LOCAL_VIDEO_EMBEDDED_RED_TEXT_ONSET,TRAIN
SEQ_09,SCENE_03,Outdoor_Plaza,ZONE_B,1,2.0,5658,5717,60,60,1.0,8,4.233333333333333,6,0.010097144133858267,0.01554025,0.3874888307086614,250,0.0015687221653543307,18.824665748031496,0.04706166385826772,0.25350114,0.03730257724175403,0.03170327625984254,1.0689613163062508,41.154050393700786,150.80029972764243,0.35712475997678217,0.984251968503937,NORMAL,0,6196,LOCAL_VIDEO_EMBEDDED_RED_TEXT_ONSET,TRAIN
SEQ_09,SCENE_03,Outdoor_Plaza,ZONE_C,1,2.0,5658,5717,60,60,1.0,2,1.8166666666666667,2,0.012640017522935781,0.01784164,0.355740128440367,108,0.0011630205504587156,13.95625137614679,0.034890630091743126,0.14756068,0.032178292516631055,-0.0070670313761467835,0.9399163337842114,60.83884311926605,84.10039709158247,0.32618098087778885,0.9908256880733946,NORMAL,0,6196,LOCAL_VIDEO_EMBEDDED_RED_TEXT_ONSET,TRAIN
SEQ_09,SCENE_03,Outdoor_Plaza,ZONE_A,2,2.0,5718,5777,60,60,1.0,9,3.816666666666667,5,0.01224933305676856,0.02311817,0.34651498253275115,221,0.0017739731441048035,21.287674672489086,0.053219189039301305,0.25998704,0.03985973482459018,-0.005630055807860258,1.2640005635863802,39.41334279475983,76.55698950932837,0.20459056825659194,0.9650655021834061,NORMAL,0,6196,LOCAL_VIDEO_EMBEDDED_RED_TEXT_ONSET,TRAIN
SEQ_09,SCENE_03,Outdoor_Plaza,ZONE_B,2,2.0,5718,5777,60,60,1.0,6,4.3,5,0.010149620775193798,0.02193879,0.40155491472868216,256,0.0016729159302325582,20.074991860465115,0.05018748418604651,0.60557344,0.057497770351164754,-0.02032586903100774,1.5435268970338971,45.03768992248062,122.41732078354619,0.3603383553634744,0.9922480620155039,NORMAL,0,6196,LOCAL_VIDEO_EMBEDDED_RED_TEXT_ONSET,TRAIN
SEQ_09,SCENE_03,Outdoor_Plaza,ZONE_C,2,2.0,5718,5777,59,60,0.9833333333333333,2,1.3389830508474576,2,0.01339671759493671,0.01613988,0.3583554430379747,75,0.001674740506329114,20.096889873417723,0.05024222101265823,0.25362989,0.03917337563616933,0.10247486189873417,1.2891089302408274,47.33109240506328,123.99827894210695,0.23730797240870374,0.9493670886075949,NORMAL,0,6196,LOCAL_VIDEO_EMBEDDED_RED_TEXT_ONSET,TRAIN
SEQ_09,SCENE_03,Outdoor_Plaza,ZONE_A,3,2.0,5778,5837,60,60,1.0,10,4.883333333333334,6,0.009498604368600684,0.03263918,0.34422756313993175,286,0.0016328019112627984,19.59362389078498,0.048984059829351535,0.36963581,0.04183690030060816,0.0032927259385665546,1.2563234638824297,40.354727986348124,49.55884581212845,0.24319145531005634,0.9761092150170648,NORMAL,0,6196,LOCAL_VIDEO_EMBEDDED_RED_TEXT_ONSET,TRAIN
SEQ_09,SCENE_03,Outdoor_Plaza,ZONE_B,3,2.0,5778,5837,60,60,1.0,7,3.0166666666666666,4,0.011065509779005524,0.01844224,0.3747532928176796,175,0.00159999817679558,19.199979558011048,0.047999948839779004,0.24293326,0.038446771971545245,0.05521237469613259,1.2737810604782696,47.86163646408839,52.546343313919834,0.21379604296757806,0.9668508287292817,NORMAL,0,6196,LOCAL_VIDEO_EMBEDDED_RED_TEXT_ONSET,TRAIN
SEQ_09,SCENE_03,Outdoor_Plaza,ZONE_C,3,2.0,5778,5837,49,60,0.8166666666666667,3,1.1224489795918366,2,0.013559295272727272,0.01933842,0.3557631636363637,51,0.001521085090909091,18.253027272727277,0.04563256690909093,0.12205567,0.028082835647115053,-0.0341481570909091,1.120845759899403,32.12348545454545,198.35974780289436,0.6882730396660397,0.9272727272727272,NORMAL,0,6196,LOCAL_VIDEO_EMBEDDED_RED_TEXT_ONSET,TRAIN
SEQ_09,SCENE_03,Outdoor_Plaza,ZONE_A,4,2.0,5838,5897,60,60,1.0,7,4.066666666666666,5,0.010414030778688525,0.0291237,0.4819954590163934,238,0.0019566764344262294,23.480109836065573,0.0587002812704918,0.30148753,0.03814863299220784,0.024196329918032777,1.1655163879961066,31.747954098360655,1.87067185500491,0.6771540490026272,0.9754098360655737,NORMAL,0,6196,LOCAL_VIDEO_EMBEDDED_RED_TEXT_ONSET,TRAIN
SEQ_09,SCENE_03,Outdoor_Plaza,ZONE_B,4,2.0,5838,5897,60,60,1.0,14,5.233333333333333,9,0.011586310127388536,0.02800915,0.4258760318471338,293,0.0019337278343949046,23.204735031847132,0.058011835477707004,0.3326181,0.04897407780961285,0.04266771006369426,1.4794794137682132,34.80569394904459,199.07551335083446,0.039089601639358075,0.9331210191082803,NORMAL,0,6196,LOCAL_VIDEO_EMBEDDED_RED_TEXT_ONSET,TRAIN
SEQ_09,SCENE_03,Outdoor_Plaza,ZONE_C,4,2.0,5838,5897,24,60,0.4,2,1.0,1,0.012451599166666667,0.01338107,0.4676272916666666,24,0.0018883641666666666,22.66037083333333,0.05665093375,0.24166071,0.050946949378951605,0.11676828833333334,1.376303552503348,32.78425416666666,199.7212182155856,0.5989492368594673,1.0,NORMAL,0,6196,LOCAL_VIDEO_EMBEDDED_RED_TEXT_ONSET,TRAIN
SEQ_09,SCENE_03,Outdoor_Plaza,ZONE_A,5,2.0,5898,5957,60,60,1.0,3,1.3833333333333333,2,0.011382831204819277,0.01580147,0.5108176506024097,82,0.0018454774698795182,22.14572530120482,0.05536431987951808,0.23186019,0.03315833676802961,-0.06904768240963853,1.1858578858097526,33.70428554216868,318.80849980906953,0.7702916079591187,0.9879518072289156,NORMAL,0,6196,LOCAL_VIDEO_EMBEDDED_RED_TEXT_ONSET,TRAIN
SEQ_09,SCENE_03,Outdoor_Plaza,ZONE_B,5,2.0,5898,5957,60,60,1.0,14,5.983333333333333,8,0.011385059832869082,0.01958379,0.42555896657381614,347,0.0021896567130919218,26.27587715877437,0.06568969877437326,0.38971844,0.04940465126369948,0.006683539777158774,1.649155386570298,40.986929247910865,343.85972979545215,0.20301113200616325,0.9665738161559888,NORMAL,0,6196,LOCAL_VIDEO_EMBEDDED_RED_TEXT_ONSET,TRAIN
SEQ_09,SCENE_03,Outdoor_Plaza,ZONE_C,5,2.0,5898,5957,59,60,0.9833333333333333,4,1.4745762711864407,3,0.012822438620689656,0.01799076,0.45198052873563205,83,0.0017412760919540233,20.895310344827585,0.05223827850574714,0.14570283,0.03295079165580562,-0.08128544850574712,1.1648171570400843,40.33433333333333,52.4277435813608,0.37421646682347026,0.9540229885057471,NORMAL,0,6196,LOCAL_VIDEO_EMBEDDED_RED_TEXT_ONSET,TRAIN
SEQ_09,SCENE_03,Outdoor_Plaza,ZONE_A,6,2.0,5958,6017,60,60,1.0,5,2.65,4,0.013332555723270441,0.01940123,0.4242862075471698,153,0.002046239433962264,24.55486981132075,0.06138717855345912,0.37775053,0.04981329791910545,0.03430551698113207,1.558802473545154,40.00419433962264,302.68594473915687,0.4116130766275689,0.9622641509433962,NORMAL,0,6196,LOCAL_VIDEO_EMBEDDED_RED_TEXT_ONSET,TRAIN
SEQ_09,SCENE_03,Outdoor_Plaza,ZONE_B,6,2.0,5958,6017,60,60,1.0,9,4.4,6,0.01226992340909091,0.01640875,0.4144159090909091,257,0.0017489194318181817,20.98703143939394,0.052467578371212124,0.21414589,0.03789043076402769,0.006025641249999986,1.071992114286921,38.02267537878788,199.0663033263311,0.03514040138603872,0.9734848484848485,NORMAL,0,6196,LOCAL_VIDEO_EMBEDDED_RED_TEXT_ONSET,TRAIN
SEQ_09,SCENE_03,Outdoor_Plaza,ZONE_C,6,2.0,5958,6017,36,60,0.6,4,1.5555555555555556,3,0.013132966964285715,0.01567811,0.4488620892857143,54,0.001469612857142857,17.63535,0.044088380892857146,0.10153612,0.02368140944820651,0.03541653839285714,0.6501715183402743,28.14392857142857,321.6749455301304,0.5062358408509217,0.9642857142857143,NORMAL,0,6196,LOCAL_VIDEO_EMBEDDED_RED_TEXT_ONSET,TRAIN
SEQ_09,SCENE_03,Outdoor_Plaza,ZONE_A,7,2.0,6018,6077,60,60,1.0,7,2.783333333333333,5,0.011211039101796407,0.01934367,0.4098500299401197,159,0.0027130188023952095,32.55622155688622,0.0813905597005988,0.70555334,0.07314730240868104,-0.03799085479041913,2.056081341639872,37.06235628742515,312.96681761020756,0.46614212739527267,0.9520958083832335,NORMAL,0,6196,LOCAL_VIDEO_EMBEDDED_RED_TEXT_ONSET,TRAIN
SEQ_09,SCENE_03,Outdoor_Plaza,ZONE_B,7,2.0,6018,6077,60,60,1.0,7,3.7333333333333334,6,0.011123781160714287,0.01952642,0.35296369196428573,217,0.002160003258928571,25.92003928571429,0.06480010004464286,0.42329546,0.05386628712731793,0.03562954241071427,1.5756154699334195,45.86964642857142,196.8177489789733,0.15121042081187858,0.96875,NORMAL,0,6196,LOCAL_VIDEO_EMBEDDED_RED_TEXT_ONSET,TRAIN
SEQ_09,SCENE_03,Outdoor_Plaza,ZONE_C,7,2.0,6018,6077,60,60,1.0,6,2.3,3,0.012015060869565218,0.01877971,0.38728926811594205,131,0.0019839833333333335,23.807796376811595,0.05951949652173913,0.35784093,0.04728538786463058,0.0973593054347826,1.2795156359557007,37.61672173913043,235.60335956626574,0.2208320945921819,0.9492753623188406,NORMAL,0,6196,LOCAL_VIDEO_EMBEDDED_RED_TEXT_ONSET,TRAIN
SEQ_09,SCENE_03,Outdoor_Plaza,ZONE_A,8,2.0,6078,6137,60,60,1.0,5,2.65,5,0.011071377547169811,0.01601118,0.4255761698113208,152,0.0017645850314465408,21.17501886792453,0.052937550062893066,0.33513683,0.05133519411274924,-0.0472870849685535,1.4197722218624937,42.24949371069182,188.22364100988625,0.2840316631943238,0.9559748427672956,NORMAL,0,6196,LOCAL_VIDEO_EMBEDDED_RED_TEXT_ONSET,TRAIN
SEQ_09,SCENE_03,Outdoor_Plaza,ZONE_B,8,2.0,6078,6137,60,60,1.0,9,3.5,5,0.01144321438095238,0.02014171,0.3897822476190477,197,0.0025781934761904767,30.938318095238095,0.07734578985714287,0.51850958,0.0739830221252869,0.14343151561904763,1.8896879210166169,46.051900952380954,138.1085491677939,0.08408997394981567,0.9380952380952381,NORMAL,0,6196,LOCAL_VIDEO_EMBEDDED_RED_TEXT_ONSET,TRAIN
SEQ_09,SCENE_03,Outdoor_Plaza,ZONE_C,8,2.0,6078,6137,60,60,1.0,5,2.6,4,0.010759552564102562,0.0174826,0.34795871153846153,148,0.002298343269230769,27.58012051282051,0.0689502980128205,0.54724724,0.06674061947522064,0.023792476858974367,1.9671496983313153,36.20870384615385,90.75231251773383,0.463476823125778,0.9487179487179487,NORMAL,0,6196,LOCAL_VIDEO_EMBEDDED_RED_TEXT_ONSET,TRAIN
SEQ_09,SCENE_03,Outdoor_Plaza,ZONE_A,10,2.0,6198,6231,29,60,0.48333333333333334,6,1.3103448275862069,3,0.019484068157894736,0.03198839,0.5232519210526316,32,0.005781736052631579,69.38081578947369,0.17345206289473686,0.73592237,0.1344120269757663,0.22529443921052628,2.391663657518384,13.496368421052631,228.53842760001191,0.7464280708472756,0.8421052631578947,ABNORMAL,1,6196,LOCAL_VIDEO_EMBEDDED_RED_TEXT_ONSET,TRAIN
SEQ_09,SCENE_03,Outdoor_Plaza,ZONE_B,10,2.0,6198,6212,13,60,0.21666666666666667,4,2.0,3,0.01135670846153846,0.01842317,0.4196795,23,0.006242446538461538,74.9093576923077,0.1872733915384615,0.39822008,0.11588454866144689,0.07414394423076918,3.022910371339615,17.893257692307692,15.872166952219263,0.2569910025127759,0.8846153846153846,ABNORMAL,1,6196,LOCAL_VIDEO_EMBEDDED_RED_TEXT_ONSET,TRAIN
SEQ_09,SCENE_03,Outdoor_Plaza,ZONE_C,10,2.0,6203,6235,27,60,0.45,4,1.6666666666666667,3,0.013191931999999998,0.02110143,0.46417491111111114,40,0.007229881555555555,86.75857555555555,0.2168964426666667,0.62884142,0.1296510266254379,-0.23017121222222225,2.883233784647941,24.29535555555555,348.7208897097171,0.6784159112642197,0.8888888888888888,ABNORMAL,1,6196,LOCAL_VIDEO_EMBEDDED_RED_TEXT_ONSET,TRAIN
SEQ_10,SCENE_03,Outdoor_Plaza,ZONE_A,0,2.0,6256,6315,60,60,1.0,5,4.0,5,0.011571739125000001,0.01974386,0.3746450625,234,0.00162916775,19.550012083333336,0.048875026125000005,0.18881615,0.030849347236429958,-0.018081043791666675,0.8979852559262657,40.37524291666667,298.8005302733547,0.07124082420162668,0.975,NORMAL,0,6884,LOCAL_VIDEO_EMBEDDED_RED_TEXT_ONSET,TRAIN
SEQ_10,SCENE_03,Outdoor_Plaza,ZONE_B,0,2.0,6256,6315,60,60,1.0,11,4.183333333333334,7,0.011829581155378485,0.02284451,0.4071375498007968,240,0.002195182629482071,26.342196414342627,0.06585548641434263,0.46903404,0.05448698428210385,0.04608331848605578,1.777892003962901,34.67052310756972,17.934074409244598,0.11322110688288348,0.9561752988047809,NORMAL,0,6884,LOCAL_VIDEO_EMBEDDED_RED_TEXT_ONSET,TRAIN
SEQ_10,SCENE_03,Outdoor_Plaza,ZONE_C,0,2.0,6256,6263,8,60,0.13333333333333333,1,1.0,1,0.01051006,0.01124718,0.471433,7,0.00126795,15.215400000000002,0.03803851625,0.07427548,0.024155299786618744,0.05294303375,0.6532271441851248,15.825312499999999,171.28377743695498,0.8142544397902103,0.875,NORMAL,0,6884,LOCAL_VIDEO_EMBEDDED_RED_TEXT_ONSET,TRAIN
SEQ_10,SCENE_03,Outdoor_Plaza,ZONE_A,1,2.0,6316,6375,60,60,1.0,7,2.7333333333333334,4,0.01069642213414634,0.01870204,0.3931488902439024,158,0.0019044401829268294,22.853284756097562,0.05713321097560975,0.34005278,0.04721074325083641,0.09367391628048785,1.2852013960966768,39.104653658536584,121.98336970251196,0.31095150152872375,0.9634146341463414,NORMAL,0,6884,LOCAL_VIDEO_EMBEDDED_RED_TEXT_ONSET,TRAIN
SEQ_10,SCENE_03,Outdoor_Plaza,ZONE_B,1,2.0,6316,6375,60,60,1.0,10,4.05,7,0.01163511440329218,0.03097374,0.41940143209876546,230,0.0021646901646090537,25.97627448559671,0.06494069238683128,0.34696458,0.04936085407182972,-0.05269818255144033,1.3728512211024846,36.56931810699589,28.31271363338441,0.21391554562929388,0.9465020576131687,NORMAL,0,6884,LOCAL_VIDEO_EMBEDDED_RED_TEXT_ONSET,TRAIN
SEQ_10,SCENE_03,Outdoor_Plaza,ZONE_C,1,2.0,6348,6375,28,60,0.4666666666666667,2,1.8571428571428572,2,0.011753071923076924,0.01600285,0.5292385961538462,52,0.0025776117307692308,30.93133846153847,0.07732833846153847,0.2324304,0.049712864375736805,-0.07556628711538461,1.1779348583139548,36.627869230769235,343.09759476288593,0.7014699815103592,1.0,NORMAL,0,6884,LOCAL_VIDEO_EMBEDDED_RED_TEXT_ONSET,TRAIN
SEQ_10,SCENE_03,Outdoor_Plaza,ZONE_A,2,2.0,6376,6435,60,60,1.0,9,4.416666666666667,7,0.010839432716981132,0.01908112,0.35748895849056606,253,0.0016851330943396226,20.221597358490566,0.05055399471698113,0.20367541,0.03785908152517666,-0.0027160756981132093,1.0338494380344927,42.247175094339624,311.9076487847444,0.03227426070854522,0.9547169811320755,NORMAL,0,6884,LOCAL_VIDEO_EMBEDDED_RED_TEXT_ONSET,TRAIN
SEQ_10,SCENE_03,Outdoor_Plaza,ZONE_B,2,2.0,6376,6435,60,60,1.0,8,2.75,5,0.010632554666666665,0.0163069,0.4021456484848484,161,0.0016858145454545451,20.229770303030303,0.05057443515151515,0.17888867,0.0333020177603285,0.03970656933333333,1.030793033116029,36.057591515151515,68.42187605941281,0.3660275478644141,0.9757575757575757,NORMAL,0,6884,LOCAL_VIDEO_EMBEDDED_RED_TEXT_ONSET,TRAIN
SEQ_10,SCENE_03,Outdoor_Plaza,ZONE_C,2,2.0,6376,6435,60,60,1.0,2,1.3166666666666667,2,0.010863156329113926,0.01589589,0.39128179746835445,78,0.0017256931645569624,20.70830253164557,0.051770760253164544,0.17617988,0.03354479212447701,0.0294581753164557,0.9068708122342978,36.43251898734177,310.45235606048175,0.5463472162928432,0.9873417721518988,NORMAL,0,6884,LOCAL_VIDEO_EMBEDDED_RED_TEXT_ONSET,TRAIN
SEQ_10,SCENE_03,Outdoor_Plaza,ZONE_A,3,2.0,6436,6495,60,60,1.0,8,5.516666666666667,7,0.009253641299093658,0.01456324,0.4565136435045318,323,0.0017889360120845923,21.46723262839879,0.053668079003021146,0.52789526,0.05004536608934584,0.0011375746223564983,1.309753862138634,38.50610241691843,351.7084852089595,0.11798745166359244,0.9758308157099698,NORMAL,0,6884,LOCAL_VIDEO_EMBEDDED_RED_TEXT_ONSET,TRAIN
SEQ_10,SCENE_03,Outdoor_Plaza,ZONE_B,3,2.0,6436,6495,60,60,1.0,9,3.933333333333333,6,0.011869440466101696,0.02195402,0.45254008898305087,231,0.0022025730084745763,26.430872033898304,0.06607718542372881,0.27390996,0.04955301729351422,0.005767260762711863,1.496201169999559,42.93973220338983,139.37333984773053,0.07516883562116539,0.9788135593220338,NORMAL,0,6884,LOCAL_VIDEO_EMBEDDED_RED_TEXT_ONSET,TRAIN
SEQ_10,SCENE_03,Outdoor_Plaza,ZONE_C,3,2.0,6436,6488,47,60,0.7833333333333333,2,1.574468085106383,2,0.010004415675675676,0.01516555,0.4096480270270271,73,0.0028592387837837836,34.31086351351352,0.08577716716216215,0.39895983,0.062472241144863466,0.11592120986486487,1.9868830570457678,36.12759324324324,280.94484592958094,0.1247465311526715,0.9864864864864865,NORMAL,0,6884,LOCAL_VIDEO_EMBEDDED_RED_TEXT_ONSET,TRAIN
SEQ_10,SCENE_03,Outdoor_Plaza,ZONE_A,4,2.0,6496,6555,60,60,1.0,8,4.15,6,0.010571546827309238,0.01654914,0.46564342570281125,244,0.00186103156626506,22.332379116465862,0.05583094955823294,0.32974502,0.04358837584270931,0.03855430413654616,1.4487740855701012,44.392432931726916,29.221625678296142,0.3396906494417429,0.9799196787148594,NORMAL,0,6884,LOCAL_VIDEO_EMBEDDED_RED_TEXT_ONSET,TRAIN
SEQ_10,SCENE_03,Outdoor_Plaza,ZONE_B,4,2.0,6496,6555,60,60,1.0,11,5.5,7,0.010791365515151514,0.02302591,0.38989443030303034,320,0.0020770291212121213,24.92435,0.06231087281818182,0.36965224,0.04408860082843261,0.033742198363636365,1.3725158028355444,43.15918212121212,4.524084932487353,0.3611878695710471,0.9696969696969697,NORMAL,0,6884,LOCAL_VIDEO_EMBEDDED_RED_TEXT_ONSET,TRAIN
SEQ_10,SCENE_03,Outdoor_Plaza,ZONE_C,4,2.0,6518,6555,38,60,0.6333333333333333,3,1.736842105263158,3,0.013067832272727273,0.02091959,0.405567303030303,63,0.0016903498484848486,20.284192424242427,0.0507104859090909,0.28838162,0.03979698187797556,0.020878444393939388,1.3853338722301338,38.08411363636363,288.2664743497269,0.38677466481033895,0.9545454545454546,NORMAL,0,6884,LOCAL_VIDEO_EMBEDDED_RED_TEXT_ONSET,TRAIN
SEQ_10,SCENE_03,Outdoor_Plaza,ZONE_A,5,2.0,6556,6615,60,60,1.0,5,2.3333333333333335,3,0.012603512571428572,0.01652692,0.5017377571428572,137,0.0015393323571428572,18.471990714285713,0.04617997178571428,0.19793633,0.030899548940376602,0.02671279200000002,0.9220299627440482,33.40953857142857,347.5444925822775,0.36322794162778826,0.9785714285714285,NORMAL,0,6884,LOCAL_VIDEO_EMBEDDED_RED_TEXT_ONSET,TRAIN
SEQ_10,SCENE_03,Outdoor_Plaza,ZONE_B,5,2.0,6556,6615,60,60,1.0,10,5.1,7,0.011954115816993464,0.01940951,0.3869876013071895,300,0.0019139757516339869,22.967712091503266,0.05741927578431373,0.33838802,0.03813190847436767,-0.006469389183006553,1.2404057518713247,40.749722222222225,333.48886322049367,0.3155589926617478,0.9803921568627451,NORMAL,0,6884,LOCAL_VIDEO_EMBEDDED_RED_TEXT_ONSET,TRAIN
SEQ_10,SCENE_03,Outdoor_Plaza,ZONE_C,5,2.0,6556,6615,60,60,1.0,5,2.3,3,0.011818064782608696,0.01685953,0.37249293478260875,134,0.0019102078260869568,22.922493478260872,0.057306235217391296,0.39170633,0.045700127042426035,-0.007962539927536249,1.5273378497374919,38.71019420289855,211.01820040035832,0.21301274089848987,0.9710144927536232,NORMAL,0,6884,LOCAL_VIDEO_EMBEDDED_RED_TEXT_ONSET,TRAIN
SEQ_10,SCENE_03,Outdoor_Plaza,ZONE_A,6,2.0,6616,6675,60,60,1.0,4,3.0,4,0.012229264722222223,0.01664387,0.39143526111111115,177,0.001888967222222222,22.66761,0.056669025388888884,0.20269371,0.03886222236906962,-0.005718353888888888,1.1445770051304802,36.53843,61.57149060111204,0.30791315826652005,0.9833333333333333,NORMAL,0,6884,LOCAL_VIDEO_EMBEDDED_RED_TEXT_ONSET,TRAIN
SEQ_10,SCENE_03,Outdoor_Plaza,ZONE_B,6,2.0,6616,6675,60,60,1.0,10,5.283333333333333,7,0.012371508422712934,0.01885536,0.3510416624605679,311,0.001833511955835962,22.002143217665616,0.05500535949526813,0.2943301,0.038562895786373445,-0.00030825451104101505,1.2106292355002934,41.44245899053628,286.4677053039329,0.27745063908966583,0.9810725552050473,NORMAL,0,6884,LOCAL_VIDEO_EMBEDDED_RED_TEXT_ONSET,TRAIN
SEQ_10,SCENE_03,Outdoor_Plaza,ZONE_C,6,2.0,6616,6675,25,60,0.4166666666666667,3,1.28,2,0.014231220937499999,0.02325923,0.33142409375000004,31,0.0028255215625,33.906240624999995,0.0847656303125,0.60396703,0.10456322273088145,0.06586605406249998,3.598324132406143,41.676615625,237.17992296075272,0.31372703239559335,0.96875,NORMAL,0,6884,LOCAL_VIDEO_EMBEDDED_RED_TEXT_ONSET,TRAIN
SEQ_10,SCENE_03,Outdoor_Plaza,ZONE_A,7,2.0,6676,6735,60,60,1.0,4,2.683333333333333,4,0.012057520372670806,0.01551961,0.4048844782608695,157,0.0018529943478260873,22.235929192546585,0.05558982229813664,0.25121059,0.0366085873946601,-0.03142138645962733,0.964170597407292,40.7915552795031,71.74550017106318,0.18832096988630442,0.9751552795031055,NORMAL,0,6884,LOCAL_VIDEO_EMBEDDED_RED_TEXT_ONSET,TRAIN
SEQ_10,SCENE_03,Outdoor_Plaza,ZONE_B,7,2.0,6676,6735,60,60,1.0,9,4.25,6,0.012654339411764708,0.04234182,0.3807785803921569,245,0.0019528119215686274,23.43374431372549,0.05858435776470589,0.52064889,0.05173116931325583,0.03936969698039216,1.5082180110539587,39.521713725490194,260.4630303239944,0.4049905379375209,0.9607843137254902,NORMAL,0,6884,LOCAL_VIDEO_EMBEDDED_RED_TEXT_ONSET,TRAIN
SEQ_10,SCENE_03,Outdoor_Plaza,ZONE_C,7,2.0,6676,6735,53,60,0.8833333333333333,3,1.1132075471698113,2,0.011450966949152543,0.01760606,0.307050220338983,56,0.001410640338983051,16.927672881355935,0.042319195084745756,0.12757203,0.027894121904825254,0.028329081864406778,0.9227670203125468,43.000396610169496,213.14675441047603,0.3448996957920396,0.9491525423728814,NORMAL,0,6884,LOCAL_VIDEO_EMBEDDED_RED_TEXT_ONSET,TRAIN
SEQ_10,SCENE_03,Outdoor_Plaza,ZONE_A,8,2.0,6736,6795,60,60,1.0,3,2.1,3,0.01231873468253968,0.0167617,0.4535353174603174,123,0.0017339738095238097,20.807692063492066,0.052019224126984134,0.26969523,0.044838243757914724,0.03721205769841273,1.234770869578159,41.471070634920636,75.08525393982352,0.1730614377779391,0.9761904761904762,NORMAL,0,6884,LOCAL_VIDEO_EMBEDDED_RED_TEXT_ONSET,TRAIN
SEQ_10,SCENE_03,Outdoor_Plaza,ZONE_B,8,2.0,6736,6795,60,60,1.0,9,4.883333333333334,6,0.010519751877133105,0.01663548,0.34456537883959043,283,0.0018467462798634812,22.160955631399318,0.055402382901023894,0.41822444,0.047081397001878765,0.010002846382252562,1.544157345201744,44.15561706484642,265.15097095806055,0.33057445672311664,0.9658703071672355,NORMAL,0,6884,LOCAL_VIDEO_EMBEDDED_RED_TEXT_ONSET,TRAIN
SEQ_10,SCENE_03,Outdoor_Plaza,ZONE_C,8,2.0,6736,6795,60,60,1.0,4,1.7166666666666666,3,0.010657982524271846,0.01286304,0.3456126699029127,97,0.0020970922330097084,25.165106796116508,0.06291276650485438,0.29376924,0.044120494504777896,-0.002281142718446576,1.4794483353409935,29.134054368932045,100.31796294003121,0.14899587935877162,0.941747572815534,NORMAL,0,6884,LOCAL_VIDEO_EMBEDDED_RED_TEXT_ONSET,TRAIN
SEQ_10,SCENE_03,Outdoor_Plaza,ZONE_A,9,2.0,6796,6823,28,60,0.4666666666666667,3,1.6071428571428572,3,0.010594404,0.01268092,0.3056599111111111,41,0.001750208666666667,21.002506666666665,0.05250626177777778,0.1504618,0.04149357932627544,0.15804034088888888,1.1991840299933794,39.49154,50.505060893742595,0.30786678260151235,0.9111111111111111,NORMAL,0,6884,LOCAL_VIDEO_EMBEDDED_RED_TEXT_ONSET,TRAIN
SEQ_10,SCENE_03,Outdoor_Plaza,ZONE_B,9,2.0,6796,6842,45,60,0.75,12,5.177777777777778,8,0.012023978454935623,0.03267592,0.31482344635193127,223,0.0021890266094420604,26.268318454935624,0.06567079811158798,0.38003472,0.05712852507795992,0.010859243261802584,1.4968102729207076,42.46326824034335,299.856196981735,0.24617120220438662,0.9570815450643777,NORMAL,0,6884,LOCAL_VIDEO_EMBEDDED_RED_TEXT_ONSET,TRAIN
SEQ_10,SCENE_03,Outdoor_Plaza,ZONE_C,9,2.0,6796,6839,44,60,0.7333333333333333,4,1.1818181818181819,2,0.011900042307692307,0.01479577,0.3351608846153846,49,0.00241004,28.92047307692308,0.07230118576923075,0.23332852,0.05443335481949228,-0.1582808171153846,1.2662826077284308,30.551188461538462,43.73478074050214,0.6795583710653692,0.9423076923076923,NORMAL,0,6884,LOCAL_VIDEO_EMBEDDED_RED_TEXT_ONSET,TRAIN
SEQ_10,SCENE_03,Outdoor_Plaza,ZONE_A,11,2.0,6916,6931,16,60,0.26666666666666666,1,1.0,1,0.011670265625,0.01614231,0.740496375,16,0.004157750625,49.8930125,0.124732531875,0.17691142,0.03454654473070194,-0.08147139812499997,0.9757966634697621,7.4642625,336.26300705287866,0.9810674771345725,1.0,ABNORMAL,1,6884,LOCAL_VIDEO_EMBEDDED_RED_TEXT_ONSET,TRAIN
SEQ_10,SCENE_03,Outdoor_Plaza,ZONE_B,11,2.0,6916,6931,16,60,0.26666666666666666,2,2.0,2,0.016563710625,0.02034845,0.61597075,32,0.0044761012499999996,53.713221875,0.134283039375,0.27384089,0.054807241953633394,0.0873164312500001,2.0693115091149386,25.436765625000003,317.1359999748198,0.9059183069552312,1.0,ABNORMAL,1,6884,LOCAL_VIDEO_EMBEDDED_RED_TEXT_ONSET,TRAIN
SEQ_11,SCENE_03,Outdoor_Plaza,ZONE_A,0,2.0,6933,6992,60,60,1.0,4,2.9833333333333334,3,0.010691721396648046,0.01819512,0.4133900111731844,175,0.0015842640782122905,19.011170949720672,0.04752792860335196,0.47417897,0.04525114560409299,-0.008506605586592195,1.3921640950306602,34.67626592178771,357.15074027270396,0.35769430565513743,0.9776536312849162,NORMAL,0,7701,LOCAL_VIDEO_EMBEDDED_RED_TEXT_ONSET,TEST
SEQ_11,SCENE_03,Outdoor_Plaza,ZONE_B,0,2.0,6933,6992,60,60,1.0,9,5.016666666666667,7,0.011120279734219269,0.01634096,0.44138016611295683,295,0.0015881051495016613,19.05725980066445,0.04764315109634551,0.19219972,0.03163092797518976,0.0033873409966777334,0.9484460815299379,38.181806644518275,185.71805168598988,0.10353047579111865,0.9800664451827242,NORMAL,0,7701,LOCAL_VIDEO_EMBEDDED_RED_TEXT_ONSET,TEST
SEQ_11,SCENE_03,Outdoor_Plaza,ZONE_C,0,2.0,6933,6992,60,60,1.0,7,3.0,4,0.01198213277777778,0.02558412,0.4466112555555556,172,0.0021813526666666664,26.17623277777778,0.06544057755555556,0.57230076,0.055388355214285284,0.08280465577777778,1.4286762399698476,29.383167222222223,206.46505115012727,0.6018035306009655,0.9555555555555556,NORMAL,0,7701,LOCAL_VIDEO_EMBEDDED_RED_TEXT_ONSET,TEST
SEQ_11,SCENE_03,Outdoor_Plaza,ZONE_A,1,2.0,6993,7052,60,60,1.0,5,2.1166666666666667,3,0.010868271732283464,0.01531282,0.5156700393700788,124,0.0018300100000000002,21.96012047244095,0.054900294330708664,0.15312572,0.03335815139409619,-0.012388745905511771,0.8645363350947517,26.10392440944882,63.012875499235825,0.46070756781513683,0.9763779527559056,NORMAL,0,7701,LOCAL_VIDEO_EMBEDDED_RED_TEXT_ONSET,TEST
SEQ_11,SCENE_03,Outdoor_Plaza,ZONE_B,1,2.0,6993,7052,60,60,1.0,14,7.066666666666666,9,0.011252405778301888,0.02454913,0.4094102099056604,413,0.0017998394811320753,21.598075,0.053995193537735846,0.45492265,0.04364358896315835,0.015381458325471688,1.253081578328383,33.42942405660377,280.65354936280227,0.10031010467087259,0.9740566037735849,NORMAL,0,7701,LOCAL_VIDEO_EMBEDDED_RED_TEXT_ONSET,TEST
SEQ_11,SCENE_03,Outdoor_Plaza,ZONE_C,1,2.0,6993,7052,60,60,1.0,4,2.5,4,0.010496713333333334,0.01492077,0.40863916,146,0.0023159348,27.791220666666668,0.06947804973333334,0.17938535,0.03638902622121396,0.007379023800000001,0.980004378084956,25.717228000000002,207.86426999527535,0.5571417796957489,0.9733333333333334,NORMAL,0,7701,LOCAL_VIDEO_EMBEDDED_RED_TEXT_ONSET,TEST
SEQ_11,SCENE_03,Outdoor_Plaza,ZONE_A,2,2.0,7053,7112,60,60,1.0,7,2.75,4,0.014557599878787878,0.02053147,0.5455473090909091,157,0.0025137939999999998,30.165530909090915,0.07541381884848485,0.37798381,0.06531667489244376,-0.020165419636363643,1.295831205575067,26.632603030303024,48.13481290896571,0.6085665964731594,0.9515151515151515,NORMAL,0,7701,LOCAL_VIDEO_EMBEDDED_RED_TEXT_ONSET,TEST
SEQ_11,SCENE_03,Outdoor_Plaza,ZONE_B,2,2.0,7053,7112,60,60,1.0,16,6.983333333333333,10,0.011118050143198091,0.01827925,0.3966562505966587,410,0.00213983200477327,25.6779830548926,0.06419495761336516,0.45332715,0.05290402672641164,0.03896778613365155,1.6753550993269997,32.6505107398568,233.69122003766262,0.14912192304507832,0.9785202863961814,NORMAL,0,7701,LOCAL_VIDEO_EMBEDDED_RED_TEXT_ONSET,TEST
SEQ_11,SCENE_03,Outdoor_Plaza,ZONE_C,2,2.0,7053,7112,51,60,0.85,6,1.7450980392156863,3,0.01209155797752809,0.01632607,0.5119564606741572,86,0.0017848431460674157,21.41811460674158,0.05354527438202247,0.22754129,0.045523378317296276,0.03436508123595501,1.5026911897373407,36.58114382022472,213.0822203324175,0.23484004687017293,0.9662921348314607,NORMAL,0,7701,LOCAL_VIDEO_EMBEDDED_RED_TEXT_ONSET,TEST
SEQ_11,SCENE_03,Outdoor_Plaza,ZONE_A,3,2.0,7113,7172,60,60,1.0,6,3.8666666666666667,5,0.012180230646551722,0.01945805,0.42707756896551724,232,0.001909710646551724,22.91652112068966,0.057291311034482754,0.1882716,0.032110524239306784,-0.009586590517241388,1.0870663298444732,37.74182629310344,227.0629492045509,0.21822966851283976,1.0,NORMAL,0,7701,LOCAL_VIDEO_EMBEDDED_RED_TEXT_ONSET,TEST
SEQ_11,SCENE_03,Outdoor_Plaza,ZONE_B,3,2.0,7113,7172,60,60,1.0,15,6.266666666666667,9,0.012112858723404254,0.02354689,0.406219954787234,364,0.002635923244680851,31.631082180851067,0.07907769715425532,0.43411416,0.06568494840269176,0.008566984840425526,1.702447673332798,33.78323058510638,114.28721821601269,0.0548269240663546,0.9680851063829787,NORMAL,0,7701,LOCAL_VIDEO_EMBEDDED_RED_TEXT_ONSET,TEST
SEQ_11,SCENE_03,Outdoor_Plaza,ZONE_C,3,2.0,7113,7172,60,60,1.0,4,1.4666666666666666,3,0.011986232954545454,0.02000884,0.5319521590909091,87,0.0012630935227272726,15.157110227272728,0.03789278352272727,0.18473035,0.03091342226279079,-0.0965039119318182,1.1802160459099484,33.192940909090915,332.2251335133138,0.2942621937953423,0.9886363636363636,NORMAL,0,7701,LOCAL_VIDEO_EMBEDDED_RED_TEXT_ONSET,TEST
SEQ_11,SCENE_03,Outdoor_Plaza,ZONE_A,4,2.0,7173,7232,59,60,0.9833333333333333,8,3.016949152542373,5,0.010473328539325843,0.02554968,0.3623257921348314,168,0.00179633404494382,21.55600561797753,0.05389002117977528,0.66341087,0.05921668335618519,0.1580231824719101,1.6374824324928379,41.10221179775281,246.3076120838525,0.17122063251207914,0.9438202247191011,NORMAL,0,7701,LOCAL_VIDEO_EMBEDDED_RED_TEXT_ONSET,TEST
SEQ_11,SCENE_03,Outdoor_Plaza,ZONE_B,4,2.0,7173,7232,60,60,1.0,14,6.516666666666667,9,0.011473170690537085,0.03396113,0.4072721815856778,380,0.0018574798721227622,22.289761381074165,0.055724401483375964,0.65772874,0.06015749169925531,-0.022545046726342687,1.620337402467922,41.845322762148335,169.8389810916189,0.0777114185980648,0.9718670076726342,NORMAL,0,7701,LOCAL_VIDEO_EMBEDDED_RED_TEXT_ONSET,TEST
SEQ_11,SCENE_03,Outdoor_Plaza,ZONE_C,4,2.0,7173,7232,60,60,1.0,5,2.25,4,0.01157086688888889,0.02030045,0.4368796370370371,135,0.0018718463703703702,22.462154074074075,0.05615538985185185,0.23857561,0.053961890488104514,-0.046344972444444445,1.025460689880389,37.38533629629631,358.0415149567761,0.4750908444530368,1.0,NORMAL,0,7701,LOCAL_VIDEO_EMBEDDED_RED_TEXT_ONSET,TEST
SEQ_11,SCENE_03,Outdoor_Plaza,ZONE_A,5,2.0,7233,7292,60,60,1.0,8,2.95,5,0.011499921242937854,0.02029889,0.3850159096045198,168,0.0020043030508474576,24.051633898305084,0.060129089999999996,0.27430518,0.04405708671385886,-0.0072855478531073355,1.4798082443120595,41.45844915254238,148.7259660887899,0.3592510779473509,0.9491525423728814,NORMAL,0,7701,LOCAL_VIDEO_EMBEDDED_RED_TEXT_ONSET,TEST
SEQ_11,SCENE_03,Outdoor_Plaza,ZONE_B,5,2.0,7233,7292,60,60,1.0,10,4.7,7,0.011889035709219857,0.02827655,0.46627591843971644,275,0.0018026231914893619,21.631479078014188,0.05407869617021276,0.61586377,0.05186372726973798,0.020943759397163135,1.7408854419282735,41.407073758865245,358.72051015947045,0.22016887115178724,0.975177304964539,NORMAL,0,7701,LOCAL_VIDEO_EMBEDDED_RED_TEXT_ONSET,TEST
SEQ_11,SCENE_03,Outdoor_Plaza,ZONE_C,5,2.0,7233,7292,60,60,1.0,6,2.8833333333333333,4,0.012966064508670518,0.02170075,0.4433441791907515,162,0.0016437107514450861,19.724530057803467,0.04931132225433526,0.40297892,0.052173852984564055,0.04079441248554909,1.6030622641303423,35.91187976878612,326.04320223751705,0.3839659137637207,0.9364161849710982,NORMAL,0,7701,LOCAL_VIDEO_EMBEDDED_RED_TEXT_ONSET,TEST
SEQ_11,SCENE_03,Outdoor_Plaza,ZONE_A,6,2.0,7293,7352,60,60,1.0,4,2.0833333333333335,3,0.01358903976,0.01685538,0.394189312,121,0.0015995979200000001,19.195176,0.047987946399999995,0.15826227,0.03251019377827774,0.010010977999999997,0.8765899442069295,41.58737919999999,201.02874327983358,0.1406461319049798,0.968,NORMAL,0,7701,LOCAL_VIDEO_EMBEDDED_RED_TEXT_ONSET,TEST
SEQ_11,SCENE_03,Outdoor_Plaza,ZONE_B,6,2.0,7293,7352,60,60,1.0,7,5.283333333333333,6,0.011355162302839115,0.01913901,0.4750384858044164,315,0.001499102113564669,17.989226182965297,0.04497306384858044,0.38038694,0.0385001706620662,-0.005235924195583588,1.2980959442304,37.96047413249211,8.425967026864503,0.1931619008366749,0.9936908517350158,NORMAL,0,7701,LOCAL_VIDEO_EMBEDDED_RED_TEXT_ONSET,TEST
SEQ_11,SCENE_03,Outdoor_Plaza,ZONE_C,6,2.0,7293,7352,60,60,1.0,4,2.2333333333333334,3,0.011149138582089551,0.01710267,0.3701377835820896,131,0.0012720367164179105,15.264440298507465,0.03816110044776119,0.1485278,0.024447059695234658,-0.022885618582089536,0.8528138003585279,33.555305970149256,281.9919938682486,0.42967427363384947,0.9776119402985075,NORMAL,0,7701,LOCAL_VIDEO_EMBEDDED_RED_TEXT_ONSET,TEST
SEQ_11,SCENE_03,Outdoor_Plaza,ZONE_A,7,2.0,7353,7412,60,60,1.0,4,2.466666666666667,3,0.01137115804054054,0.01791802,0.4485274324324324,145,0.0018041991216216214,21.65039054054054,0.0541259722972973,0.18100443,0.03502237346530807,0.01928850209459458,0.9201091141156992,26.021191216216216,352.56941077352917,0.5359034924810356,0.9797297297297297,NORMAL,0,7701,LOCAL_VIDEO_EMBEDDED_RED_TEXT_ONSET,TEST
SEQ_11,SCENE_03,Outdoor_Plaza,ZONE_B,7,2.0,7353,7412,60,60,1.0,13,6.366666666666666,9,0.011043810130890053,0.02341898,0.38969129581151835,367,0.002054384895287958,24.65261884816754,0.061631548848167544,0.6439858,0.06797669589109086,0.08585844547120418,1.896734379724287,42.070502356020945,38.711487660096964,0.14787649754252516,0.9607329842931938,NORMAL,0,7701,LOCAL_VIDEO_EMBEDDED_RED_TEXT_ONSET,TEST
SEQ_11,SCENE_03,Outdoor_Plaza,ZONE_C,7,2.0,7353,7412,60,60,1.0,4,2.466666666666667,3,0.011106531283783782,0.0155592,0.4047101554054054,147,0.0013177161486486485,15.812596621621623,0.03953148668918919,0.10656948,0.023552564942039018,0.0037610441216216236,0.64670846838026,32.73980945945946,147.9512076065085,0.022270630220557454,0.9932432432432432,NORMAL,0,7701,LOCAL_VIDEO_EMBEDDED_RED_TEXT_ONSET,TEST
SEQ_11,SCENE_03,Outdoor_Plaza,ZONE_A,8,2.0,7413,7472,60,60,1.0,3,1.3333333333333333,2,0.01048671,0.01480315,0.5229690375,80,0.0015122741249999998,18.147280000000002,0.045368210124999996,0.27395885,0.04020343199287112,0.013931026249999989,1.2239776209681301,25.259707499999998,234.0002811549416,0.5370247647215087,1.0,NORMAL,0,7701,LOCAL_VIDEO_EMBEDDED_RED_TEXT_ONSET,TEST
SEQ_11,SCENE_03,Outdoor_Plaza,ZONE_B,8,2.0,7413,7472,60,60,1.0,13,7.083333333333333,9,0.01091280214117647,0.02270342,0.39355504705882355,411,0.0022044551529411763,26.453459058823526,0.06613364835294118,0.54432359,0.06239083341987147,0.001447329152941187,1.888341266987848,37.59059223529412,51.905268836435596,0.1404352821682011,0.9670588235294117,NORMAL,0,7701,LOCAL_VIDEO_EMBEDDED_RED_TEXT_ONSET,TEST
SEQ_11,SCENE_03,Outdoor_Plaza,ZONE_C,8,2.0,7413,7472,60,60,1.0,3,3.0,3,0.01157416288888889,0.01376508,0.4442667166666666,180,0.0014235988333333332,17.083188888888884,0.04270797383333332,0.14149324,0.02549992713118922,-0.019367893277777774,0.7039497620789302,32.987342777777776,301.73577360914817,0.19820971368644988,1.0,NORMAL,0,7701,LOCAL_VIDEO_EMBEDDED_RED_TEXT_ONSET,TEST
SEQ_11,SCENE_03,Outdoor_Plaza,ZONE_A,9,2.0,7473,7532,60,60,1.0,5,2.533333333333333,3,0.01161475144736842,0.01745185,0.5378517631578947,147,0.0017284008552631575,20.740815131578948,0.05185202894736842,0.31746462,0.0404987042759952,0.03282281111842104,1.3191727781591902,36.18725526315789,144.3420930119598,0.32231874494910584,0.9671052631578947,NORMAL,0,7701,LOCAL_VIDEO_EMBEDDED_RED_TEXT_ONSET,TEST
SEQ_11,SCENE_03,Outdoor_Plaza,ZONE_B,9,2.0,7473,7532,60,60,1.0,9,5.1,8,0.011183861797385621,0.02756645,0.4600945686274511,298,0.0018452856535947713,22.143426797385622,0.05535856617647058,0.57323845,0.060402870783604394,0.05100692774509807,1.617055148062772,35.599411764705884,25.03728197648512,0.06836626364655803,0.9738562091503268,NORMAL,0,7701,LOCAL_VIDEO_EMBEDDED_RED_TEXT_ONSET,TEST
SEQ_11,SCENE_03,Outdoor_Plaza,ZONE_C,9,2.0,7473,7532,60,60,1.0,8,3.6,5,0.01166977736111111,0.01828378,0.39833425,211,0.0017336932407407408,20.80432175925926,0.0520108036574074,0.22409458,0.03350025185704741,0.02645130518518519,1.028982772791751,33.77781805555556,200.6745420639032,0.2890997443527966,0.9768518518518519,NORMAL,0,7701,LOCAL_VIDEO_EMBEDDED_RED_TEXT_ONSET,TEST
SEQ_11,SCENE_03,Outdoor_Plaza,ZONE_A,10,2.0,7533,7592,60,60,1.0,4,2.283333333333333,3,0.012728616277372262,0.0179652,0.6450409635036496,136,0.001453191678832117,17.438301459854017,0.04359575729927008,0.18373065,0.03346896176902433,-0.006569507737226286,0.6936649163237298,29.34892189781022,53.73085002660723,0.6953654859590912,0.9927007299270073,NORMAL,0,7701,LOCAL_VIDEO_EMBEDDED_RED_TEXT_ONSET,TEST
SEQ_11,SCENE_03,Outdoor_Plaza,ZONE_B,10,2.0,7533,7592,60,60,1.0,11,6.166666666666667,9,0.010606328000000002,0.02465621,0.43573335405405406,356,0.0014679485675675678,17.615383243243244,0.044038459459459466,0.20851508,0.03180421809795819,-0.02397547570270271,0.9928397770198095,32.69011594594595,70.44215080478868,0.08260917571383904,0.9621621621621622,NORMAL,0,7701,LOCAL_VIDEO_EMBEDDED_RED_TEXT_ONSET,TEST
SEQ_11,SCENE_03,Outdoor_Plaza,ZONE_C,10,2.0,7533,7592,60,60,1.0,6,4.016666666666667,5,0.01264886377593361,0.01808775,0.47190508298755185,240,0.0013772768464730292,16.527328630705394,0.04131830933609958,0.15597872,0.029422680102244952,-0.020130643692946062,0.8136034373963504,34.56454481327801,209.54467228106168,0.3322481940793163,0.995850622406639,NORMAL,0,7701,LOCAL_VIDEO_EMBEDDED_RED_TEXT_ONSET,TEST
SEQ_11,SCENE_03,Outdoor_Plaza,ZONE_A,11,2.0,7593,7652,60,60,1.0,4,1.7,2,0.011607147156862745,0.01812839,0.45651113725490194,100,0.0017026814705882356,20.432180392156862,0.051080451666666665,0.11758425,0.02464268723255481,0.009572050784313725,0.8223732783189808,32.82100098039215,262.5721481479668,0.20596246230503804,0.9803921568627451,NORMAL,0,7701,LOCAL_VIDEO_EMBEDDED_RED_TEXT_ONSET,TEST
SEQ_11,SCENE_03,Outdoor_Plaza,ZONE_B,11,2.0,7593,7652,60,60,1.0,11,6.216666666666667,7,0.011362052252010724,0.01941798,0.4719274235924933,370,0.0019406194906166222,23.28743404825737,0.05821859174262735,0.38445065,0.04861535625507097,0.0581874093297587,1.5707546586663086,40.02766407506702,238.5111206024264,0.22581319171318862,0.9919571045576407,NORMAL,0,7701,LOCAL_VIDEO_EMBEDDED_RED_TEXT_ONSET,TEST
SEQ_11,SCENE_03,Outdoor_Plaza,ZONE_C,11,2.0,7593,7652,60,60,1.0,7,4.066666666666666,6,0.012778589139344263,0.02595696,0.44615395901639343,240,0.001863441229508197,22.36129057377049,0.0559032381557377,0.36082555,0.0399602348905026,0.036059570450819686,1.1902180752219533,34.18749426229508,243.55136636591988,0.6359011474225571,0.9836065573770492,NORMAL,0,7701,LOCAL_VIDEO_EMBEDDED_RED_TEXT_ONSET,TEST
SEQ_11,SCENE_03,Outdoor_Plaza,ZONE_B,13,2.0,7713,7716,4,60,0.06666666666666667,1,1.0,1,0.001214635,0.00188591,0.21425675,4,0.0031419825000000004,37.703775,0.09425947000000001,0.11479433,0.01809670805550971,0.55944383,0.5942162822306115,35.951225,310.12222407309275,0.9336231490149973,1.0,ABNORMAL,1,7701,LOCAL_VIDEO_EMBEDDED_RED_TEXT_ONSET,TEST
SEQ_11,SCENE_03,Outdoor_Plaza,ZONE_C,13,2.0,7713,7728,11,60,0.18333333333333332,4,2.3636363636363638,3,0.004747021923076923,0.01016425,0.4191643846153846,19,0.002201808846153846,26.4217,0.0660542423076923,0.22703939,0.05987531697412448,-0.0961666530769231,1.0724345809071267,28.19809615384615,319.61788625608017,0.45456971278008984,0.7307692307692307,ABNORMAL,1,7701,LOCAL_VIDEO_EMBEDDED_RED_TEXT_ONSET,TEST
